<?xml version="1.0" encoding="UTF-8"?>
<lom xmlns="http://ltsc.ieee.org/xsd/LOM" xmlns:xsi="http://www.w3.org/2001/XMLSchema-instance" xsi:schemaLocation="http://ltsc.ieee.org/xsd/LOM lomCustom.xsd">
	<general uniqueElementName="general">
		<identifier>
			<catalog uniqueElementName="catalog">Pitono pamokėlės 2</catalog>
			<entry uniqueElementName="entry">4a7d755e-34a5-410a-a7d4</entry>
		</identifier>
		<title>
			<string language="en">Dalelė</string>
		</title>
		<language>en</language>
		<description>
			<string language="en"><p>Mokslininkas stebi vandens paviršiuje pakibusios kietosios dalelės judėjimą ir kas <strong>N</strong> sekundžių užrašo jos koordinates. Parašykite programą, kuri apskaičiuotų kietosios dalelės mažiausią, vidutinį, didžiausią greitį ir dalelės nukeliautą kelią.</p><p>Tekstiniame faile <strong>Duomenys.txt</strong> pirmoje eilutėje užrašytas dalelės koordinačių skaičius <strong>M (1 &lt; M ≤ 100)</strong> ir koordinačių fiksavimo intervalas <strong>N (N &gt; 0)</strong> sekundėmis. Sekančiose failo eilutėse užrašytos dalelės koordinatės <strong>Xi</strong> ir <strong>Yi (1 ≤ i ≤ M)</strong> milimetrais (<strong>Xi</strong> ir <strong>Yi</strong> – realieji skaičiai).&nbsp;</p><p>Tekstiniame faile <strong>Rezultatai.txt</strong> spausdinkite kietosios dalelės mažiausią, vidutinį, didžiausią greitį ir dalelės nukeliautą kelią kaip nurodyta pavyzdyje.&nbsp;</p><p>Rezultatus išveskite į failą <strong>Rezultatai.txt</strong>.</p><p><strong>Reikalavimai programai</strong></p><ul><li>Naudokite realiųjų sąrašus/masyvus.</li><li>Naudokite funkcijas programos struktūrizavimui.</li><li>Rezultatuose išveskite du skaičius po kablelio.</li></ul></string>
		</description>
		<aggregationLevel uniqueElementName="aggregationLevel">
			<source uniqueElementName="source">LOM-ESv1.0</source>
			<value uniqueElementName="value">2</value>
		</aggregationLevel>
	</general>
	<lifeCycle>
		<contribute>
			<role uniqueElementName="role">
				<source uniqueElementName="source">LOM-ESv1.0</source>
				<value uniqueElementName="value">author</value>
			</role>
			<entity>BEGIN:VCARD VERSION:3.0 FN:Tomas Blažauskas EMAIL;TYPE=INTERNET: ORG: END:VCARD</entity>
			<date>
				<dateTime uniqueElementName="dateTime">2021-01-07T16:49:22.00+02:00</dateTime>
				<description>
					<string language="lt">Metadata creation date</string>
				</description>
			</date>
		</contribute>
	</lifeCycle>
	<metaMetadata uniqueElementName="metaMetadata">
		<contribute>
			<role uniqueElementName="role">
				<source uniqueElementName="source">LOM-ESv1.0</source>
				<value uniqueElementName="value">creator</value>
			</role>
			<entity>BEGIN:VCARD VERSION:3.0 FN:Tomas Blažauskas EMAIL;TYPE=INTERNET: ORG: END:VCARD</entity>
			<date>
				<dateTime uniqueElementName="dateTime">2021-01-07T16:48:12.00+02:00</dateTime>
				<description>
					<string language="en">Metadata creation date</string>
				</description>
			</date>
		</contribute>
		<metadataSchema>LOM-ESv1.0</metadataSchema>
		<language>en</language>
	</metaMetadata>
	<technical uniqueElementName="technical">
		<otherPlatformRequirements>
			<string language="en">editor: hands</string>
		</otherPlatformRequirements>
	</technical>
	<educational>
		<intendedEndUserRole>
			<source uniqueElementName="source">LOM-ESv1.0</source>
			<value uniqueElementName="value">learner</value>
		</intendedEndUserRole>
		<context>
			<source uniqueElementName="source">LOM-ESv1.0</source>
			<value uniqueElementName="value">presencial</value>
		</context>
		<context>
			<source uniqueElementName="source">LOM-ESv1.0</source>
			<value uniqueElementName="value">classroom</value>
		</context>
		<language>en</language>
	</educational>
	<rights uniqueElementName="rights">
		<copyrightAndOtherRestrictions uniqueElementName="copyrightAndOtherRestrictions">
			<source uniqueElementName="source">LOM-ESv1.0</source>
			<value uniqueElementName="value">public domain</value>
		</copyrightAndOtherRestrictions>
		<access uniqueElementName="access">
			<accessType uniqueElementName="accessType">
				<source uniqueElementName="source">LOM-ESv1.0</source>
				<value uniqueElementName="value">universal</value>
			</accessType>
			<description>
				<string language="lt">Default</string>
			</description>
		</access>
	</rights>
</lom>