<?xml version="1.0" encoding="utf-8"?>
<task id="task_71736388">
    <course>Pitono pamokėlės</course>
    <title>Eglė Žalčių Karalienė</title>
    <short>Eglė Žalčių Karalienė</short>
    <description><![CDATA[<p>Pasakoje apie Eglę Žalčių Karalienę yra epizodas, kuriame Žilvinas Eglei, norinčiai aplankyti tėvus, skiria užduotį:&nbsp;</p><ul><li>suverpti niekad nesibaigiantį pluošto kuodelį (pirma užduotis, žymima <strong>u1</strong>),&nbsp;</li><li>sunešioti geležines klumpes (antra užduotis, žymima <strong>u2</strong>),</li><li>iškepti pyragą nenaudojant jokių indų (trečia užduotis, žymima <strong>u3</strong>).&nbsp;</li></ul><p>Parašykite programą, kuri ekrane parodytų rezultatą „<strong>Žilvinas išleis Eglę aplankyti namus.</strong>“, jei Eglė įvykdys visas jo užduotis, arba „<strong>Žilvinas neišleis Eglės aplankyti namų.</strong>“, jei Eglė neįvykdys bent vienos užduoties. Spręsdami šį uždavinį, kiekvieną įvykdytą užduotį laikykite lygia 1, o neįvykdytą – lygia 0.&nbsp;</p><p><i>Pasitikrinkite</i>: kai <strong>u1 = 1</strong>, <strong>u2 = 1</strong>, <strong>u3 = 1</strong>, &nbsp;tuomet ekrane turi būti rodomas pranešimas: <strong>Žilvinas išleis Eglę aplankyti namus.</strong> Kai <strong>u1 = 1</strong>, <strong>u2 = 0</strong>, <strong>u3 = 1</strong>, &nbsp;tuomet ekrane turi būti rodomas pranešimas: <strong>Žilvinas neišleis Eglės aplankyti namų.</strong></p>]]></description>
    <example><![CDATA[<p><strong>Įvestis</strong>:</p><p>Įveskite ar padaryta pirma užduotis: 1<br>Įveskite ar padaryta antra užduotis: 1<br>Įveskite ar padaryta trečia užduotis: 1</p><p><strong>Išvestis</strong>:</p><p>Žilvinas išleis Eglę aplankyti namus.</p>]]></example>
    <skeleton><![CDATA[#include <iostream>
using namespace std;

int main()
{
    // rašykite kodą čia

    return 0;
}]]></skeleton>
    <drops><![CDATA[]]></drops>
    <language>lt</language>
    <programming_language>cpp</programming_language>
    <menu_position>top</menu_position>
    <author>Tomas Blažauskas</author>
    <score>60</score>
    <show_title>1</show_title>
    <show_description>1</show_description>
    <show_examples>1</show_examples>
    <show_icons>0</show_icons>
    <small_icons>0</small_icons>
    <use_drops>0</use_drops>
    <use_hints>0</use_hints>
    <use_ai>1</use_ai>
    <use_explanations>1</use_explanations>
    <use_corrections>0</use_corrections>
    <use_reviews>0</use_reviews>
    <hints>
        
    </hints>
    <show_tests>1</show_tests>
    <show_files>0</show_files>
    <files>
        
    </files>
    <button_new>0</button_new>
    <button_run>1</button_run>
    <button_assess>1</button_assess>
    <button_stop>0</button_stop>
    <button_clear>1</button_clear>
    <button_upload>1</button_upload>
    <button_download>1</button_download>
</task>