<?xml version="1.0" encoding="UTF-8"?>
<lom xmlns="http://ltsc.ieee.org/xsd/LOM" xmlns:xsi="http://www.w3.org/2001/XMLSchema-instance" xsi:schemaLocation="http://ltsc.ieee.org/xsd/LOM lomCustom.xsd">
	<general uniqueElementName="general">
		<identifier>
			<catalog uniqueElementName="catalog">Pitono pamokėlės 2</catalog>
			<entry uniqueElementName="entry">4a7d755e-34a5-410a-a7d4</entry>
		</identifier>
		<title>
			<string language="en">Senovės Anglijos pinigai</string>
		</title>
		<language>en</language>
		<description>
			<string language="en"><p>Senovės Anglijoje buvo trys piniginiai matavimo vienetai: svarai, šilingai ir pensai. Vienas svaras – 20 šilingų, šilingas – 12 pensų. Parašykite programą, skaičiuojančią dviejų skirtingų pinigų kiekių, išreikštų svarais, šilingais ir pensais, sumą ir skirtumą, išreikštą svarais, šilingais ir pensais.</p><p>Pradinių duomenų failo <strong>Duomenys.txt</strong> pirmoje eilutėje įrašyta, kelių pinigų rinkinių sumą ir skirtumą reikia apskaičiuoti. Tolesnėse <strong>n</strong> eilučių įrašyta po <strong>6</strong> sveikuosius skaičius: pirmieji trys skaičiai reiškia pirmojo pinigų kiekio svarus, šilingus ir pensus, paskutinieji trys skaičiai – antrojo pinigų kiekio svarus, šilingus &nbsp;ir pensus.</p><p>Rezultatų faile <strong>Rezultatai.txt</strong> turi būti <strong>n</strong> eilučių su <strong>6</strong> sveikaisiais skaičiais kiekvienoje eilutėje: pirmieji trys skaičiai reiškia sumos svarus, sumos šilingus, sumos pensus; paskutinieji trys skaičiai – svarų skirtumą, šilingų skirtumą, pensų skirtumą.</p><p><strong>Reikalavimai programai</strong></p><ul><li>Reikia sukurti funkciją, kuri skaičiuotų dviejų pinigų kiekių sumą.</li><li>Reikia sukurti funkciją, kuri skaičiuotų dviejų pinigų kiekių skirtumą.</li></ul></string>
		</description>
		<aggregationLevel uniqueElementName="aggregationLevel">
			<source uniqueElementName="source">LOM-ESv1.0</source>
			<value uniqueElementName="value">2</value>
		</aggregationLevel>
	</general>
	<lifeCycle>
		<contribute>
			<role uniqueElementName="role">
				<source uniqueElementName="source">LOM-ESv1.0</source>
				<value uniqueElementName="value">author</value>
			</role>
			<entity>BEGIN:VCARD VERSION:3.0 FN:Tomas Blažauskas EMAIL;TYPE=INTERNET: ORG: END:VCARD</entity>
			<date>
				<dateTime uniqueElementName="dateTime">2021-01-07T16:49:22.00+02:00</dateTime>
				<description>
					<string language="lt">Metadata creation date</string>
				</description>
			</date>
		</contribute>
	</lifeCycle>
	<metaMetadata uniqueElementName="metaMetadata">
		<contribute>
			<role uniqueElementName="role">
				<source uniqueElementName="source">LOM-ESv1.0</source>
				<value uniqueElementName="value">creator</value>
			</role>
			<entity>BEGIN:VCARD VERSION:3.0 FN:Tomas Blažauskas EMAIL;TYPE=INTERNET: ORG: END:VCARD</entity>
			<date>
				<dateTime uniqueElementName="dateTime">2021-01-07T16:48:12.00+02:00</dateTime>
				<description>
					<string language="en">Metadata creation date</string>
				</description>
			</date>
		</contribute>
		<metadataSchema>LOM-ESv1.0</metadataSchema>
		<language>en</language>
	</metaMetadata>
	<technical uniqueElementName="technical">
		<otherPlatformRequirements>
			<string language="en">editor: hands</string>
		</otherPlatformRequirements>
	</technical>
	<educational>
		<intendedEndUserRole>
			<source uniqueElementName="source">LOM-ESv1.0</source>
			<value uniqueElementName="value">learner</value>
		</intendedEndUserRole>
		<context>
			<source uniqueElementName="source">LOM-ESv1.0</source>
			<value uniqueElementName="value">presencial</value>
		</context>
		<context>
			<source uniqueElementName="source">LOM-ESv1.0</source>
			<value uniqueElementName="value">classroom</value>
		</context>
		<language>en</language>
	</educational>
	<rights uniqueElementName="rights">
		<copyrightAndOtherRestrictions uniqueElementName="copyrightAndOtherRestrictions">
			<source uniqueElementName="source">LOM-ESv1.0</source>
			<value uniqueElementName="value">public domain</value>
		</copyrightAndOtherRestrictions>
		<access uniqueElementName="access">
			<accessType uniqueElementName="accessType">
				<source uniqueElementName="source">LOM-ESv1.0</source>
				<value uniqueElementName="value">universal</value>
			</accessType>
			<description>
				<string language="lt">Default</string>
			</description>
		</access>
	</rights>
</lom>