<?xml version="1.0" encoding="utf-8"?>
<task id="task_82736373">
    <course>Pitono pamokėlės 2</course>
    <title>Žiogas</title>
    <short>Žiogas</short>
    <description><![CDATA[<p>Žiogas tupi ant horizontaliai ištemptos virvutės, prie pat kairiojo krašto. Virvutės ilgis s sprindžių. Žiogas moka šokti į priekį <strong>a</strong> sprindžių ir atgal <strong>b</strong> sprindžių. Jam reikia patekti ant virvutėje užmegzto mazgo, kuris nutolęs nuo žiogo pradinės padėties per c sprindžių (visi sprindžiai vienodo ilgio). Pradiniai duomenys <strong>s</strong>, <strong>a</strong>, <strong>b</strong> ir <strong>c</strong> – natūralieji skaičiai, be to, s &gt; c &gt; a &gt; b &gt; 0.</p><p>Pradiniai duomenys skaitomi iš failo <strong>ziogas_data.txt</strong>. &nbsp;Parašykite programą, kuri apskaičiuotų, kiek mažiausiai šuolių turi padaryti žiogas, kad pasiektų mazgą. Jei žiogas mazgo pasiekti negali, turi būti išvedamas žodis „<strong>Negalima</strong>“. Rezultatai turi būti saugomi <strong>faile ziogas_res.txt</strong>.&nbsp;</p>]]></description>
    <example><![CDATA[<figure class="table"><table><tbody><tr><td><strong>ziogas_data.txt &nbsp;&nbsp;</strong></td><td><strong>ziogas_res.txt &nbsp;&nbsp;</strong></td></tr><tr><td>100 13 1 27</td><td>15</td></tr><tr><td>20 4 2 5</td><td>Negalima</td></tr><tr><td>2000 45 5 500</td><td>200</td></tr><tr><td>200 40 3 5</td><td>Negalima</td></tr></tbody></table></figure>]]></example>
    <skeleton><![CDATA[#include <iostream>
#include <fstream>
using namespace std;

int main() {

    return 0;
}]]></skeleton>
    <drops><![CDATA[]]></drops>
    <language>lt</language>
    <programming_language>cpp</programming_language>
    <menu_position>top</menu_position>
    <author>Tomas Blažauskas</author>
    <score>70</score>
    <show_title>1</show_title>
    <show_description>1</show_description>
    <show_examples>1</show_examples>
    <show_icons>0</show_icons>
    <small_icons>0</small_icons>
    <use_drops>0</use_drops>
    <use_hints>0</use_hints>
    <use_ai>1</use_ai>
    <use_explanations>1</use_explanations>
    <use_corrections>0</use_corrections>
    <use_reviews>0</use_reviews>
    <hints>
        
    </hints>
    <show_tests>1</show_tests>
    <show_files>1</show_files>
    <files>
        <file filename="ziogas_data.txt"><![CDATA[100 13 1 27]]></file>

    </files>
    <button_new>0</button_new>
    <button_run>1</button_run>
    <button_assess>1</button_assess>
    <button_stop>1</button_stop>
    <button_clear>1</button_clear>
    <button_upload>1</button_upload>
    <button_download>1</button_download>
</task>