<?xml version="1.0" encoding="utf-8"?>
<task id="task_34751230">
    <course>Pitono pamokėlės</course>
    <title>Sodininkas</title>
    <short>Sodininkas</short>
    <description><![CDATA[<p>Sodininkas kiekvieną dieną prirenka <strong>n</strong> dėžių obuolių. Į turgų jis kiekvieną dieną nuveža konteinerį, kuriame telpa <strong>m</strong> dėžių obuolių.&nbsp;</p><p>Sodininkas į turgų važiavo <strong>d</strong> dienų. Likusius neparduotus obuolius sodininkas nusprendė supakuoti į konteinerius, kad jie būtų paruošti vežimui į turgų.&nbsp;</p><p>Parašykite programą, kuri skaičiuotų, kiek konteinerių bus supakuota ir kiek dėžių liks nesupakuota.&nbsp;</p><p><i>Pasitikrinkite</i>. Kai <strong>n = 20</strong>, <strong>m = 13</strong>, <strong>d = 4</strong>, kompiuterio ekrane turi būti rodoma: <strong>supakuota: 2</strong>, <strong>nesupakuota: 2</strong>.</p>]]></description>
    <example><![CDATA[<p><strong>Įvestis</strong>:</p><p>Kiek prirenka obuolių dėžių? 20</p><p>Kiek dėžių telpa į konteinerį? 13</p><p>Kiek dienų vežė obuolius į turgų? 4</p><p><strong>Išvestis</strong>:</p><p>supakuota: 2<br>nesupakuota: 2</p>]]></example>
    <skeleton><![CDATA[#include <iostream>
using namespace std;

int main()
{
    // rašykite kodą čia

    return 0;
}]]></skeleton>
    <drops><![CDATA[]]></drops>
    <language>lt</language>
    <programming_language>cpp</programming_language>
    <menu_position>top</menu_position>
    <author>Tomas Blažauskas</author>
    <score>60</score>
    <show_title>1</show_title>
    <show_description>1</show_description>
    <show_examples>1</show_examples>
    <show_icons>0</show_icons>
    <small_icons>0</small_icons>
    <use_drops>0</use_drops>
    <use_hints>0</use_hints>
    <use_ai>1</use_ai>
    <use_explanations>1</use_explanations>
    <use_corrections>0</use_corrections>
    <use_reviews>0</use_reviews>
    <hints>
        
    </hints>
    <show_tests>1</show_tests>
    <show_files>0</show_files>
    <files>
        
    </files>
    <button_new>0</button_new>
    <button_run>1</button_run>
    <button_assess>1</button_assess>
    <button_stop>0</button_stop>
    <button_clear>1</button_clear>
    <button_upload>1</button_upload>
    <button_download>1</button_download>
</task>