<?xml version="1.0" encoding="utf-8"?>
<task id="task_64182929">
    <course>Pitono pamokėlės 2</course>
    <title>Pasirinkimas</title>
    <short>Pasirinkimas</short>
    <description><![CDATA[<p>Baigdami 10 klasę gimnazistai susidaro ugdymo planą. Ugdymo plane yra <strong>n</strong> dalykų. Yra žinoma, keli mokiniai renkasi dalyką, taip pat maksimalus mokinių skaičius to dalyko mobilioje grupėje. Pradinių duomenų failo <strong>Duomenys.txt</strong> pirmoje eilutėje įrašytas būsimųjų vienuoliktokų skaičius <strong>m</strong>. Tolesnėse eilutėse įrašyta informacija apie kiekvieną dalyką: dalyko pavadinimas (vienas žodis); mokinių, pasirinkusių dalyką, skaičius ir maksimalus mokinių skaičius to dalyko mobilioje grupėje.</p><p>Parašykite programą, kuri į rezultatų failą <strong>Rezultatai.txt</strong> išvestų rezultatus, kaip pateikta pavyzdyje: nurodomas dalyko pavadinimas, bei kiek mažiausiai mobilių to dalyko grupių bus sudaryta. Toliau faile surašomas dalykų, kuriuos pasirinko mažiau negu pusė būsimųjų vienuoliktokų, sąrašas su mobilių grupių skaičiumi. Dalykai turi būti išvedami ta tvarka, kaip pateikti. Jei nėra tokių dalykų, tuomet faile turi būti įrašytas žodis „Ne“ (žr. 2 duomenų ir rezultatų rinkinį).&nbsp;</p><p><strong>Reikalavimai programai</strong></p><ul><li>Naudokite sveikųjų skaičių sąrašus/masyvus.</li><li>Naudokite funkcijas programos struktūrizavimui.</li></ul>]]></description>
    <example><![CDATA[<figure class="table"><table><tbody><tr><td><strong>Duomenys.txt &nbsp; &nbsp; &nbsp; &nbsp; &nbsp; &nbsp; &nbsp; &nbsp; &nbsp; &nbsp; &nbsp; &nbsp; &nbsp; &nbsp; &nbsp;</strong></td><td><strong>&nbsp;Rezultatai.txt &nbsp; &nbsp; &nbsp; &nbsp; &nbsp; &nbsp; &nbsp;&nbsp;</strong></td></tr><tr><td>60<br>Lietuviu 60 25<br>Matematika 60 27<br>Informatika 25 15<br>Anglu 45 12<br>Istorija 40 30&nbsp;</td><td>VISI DALYKAI:<br>Lietuviu 3<br>Matematika 3<br>Informatika 2<br>Anglu 4<br>Istorija 2<br>ATRINKTI DALYKAI:<br>Informatika 2&nbsp;</td></tr><tr><td>60<br>Lietuviu 60 25<br>Matematika 60 27<br>Informatika 35 15<br>Anglu 45 12<br>Istorija 40 30&nbsp;</td><td>VISI DALYKAI:<br>Lietuviu 3<br>Matematika 3<br>Informatika 3<br>Anglu 4<br>Istorija 2<br>ATRINKTI DALYKAI:<br>Ne</td></tr></tbody></table></figure>]]></example>
    <skeleton><![CDATA[#include <iostream>
#include <fstream>
#include <string>
#include <iomanip>
using namespace std;

int main() {

    return 0;
}]]></skeleton>
    <drops><![CDATA[]]></drops>
    <language>lt</language>
    <programming_language>cpp</programming_language>
    <menu_position>top</menu_position>
    <author>Tomas Blažauskas</author>
    <score>80</score>
    <show_title>1</show_title>
    <show_description>1</show_description>
    <show_examples>1</show_examples>
    <show_icons>0</show_icons>
    <small_icons>0</small_icons>
    <use_drops>0</use_drops>
    <use_hints>0</use_hints>
    <use_ai>1</use_ai>
    <use_explanations>1</use_explanations>
    <use_corrections>0</use_corrections>
    <use_reviews>0</use_reviews>
    <hints>
        
    </hints>
    <show_tests>1</show_tests>
    <show_files>1</show_files>
    <files>
        <file filename="Duomenys.txt"><![CDATA[60
Lietuviu 60 25
Matematika 60 27
Informatika 25 15
Anglu 45 12
Istorija 40 30]]></file>

    </files>
    <button_new>0</button_new>
    <button_run>1</button_run>
    <button_assess>1</button_assess>
    <button_stop>1</button_stop>
    <button_clear>1</button_clear>
    <button_upload>1</button_upload>
    <button_download>1</button_download>
</task>