<?xml version="1.0" encoding="utf-8"?>
<task id="task_39312572">
    <course>Pitono pamokėlės</course>
    <title>Lėktuvas</title>
    <short>Lėktuvas</short>
    <description><![CDATA[<p>Lėktuvas pakilo iš oro uosto, kai buvo <strong>a</strong> valandų ir <strong>b</strong> minučių. Lėktuvas ore praleido <strong>c</strong> minučių. Parašykite programą, kuri nustatytų, kiek bus valandų ir minučių, kai lėktuvas nusileis. Atkreipkite dėmesį, kad gali skristi ilgai ir leistis ne tą pačią parą. Parašykite programą šiam uždaviniui spręsti.&nbsp;</p><p>Pasitikrinkite. Jei <strong>a = 23</strong>, <strong>b = 55</strong>, <strong>c = 14</strong>, tai lėktuvas leisis, kai bus <strong>0:9</strong> (0 val., 9 min.).</p>]]></description>
    <example><![CDATA[<p><strong>Įvestis</strong>:</p><p>Kurią valandą lėktuvas išskrido? 23</p><p>Kiek tuomet buvo minučių? 55</p><p>Kiek laiko lėktuvas skrido? 14</p><p><strong>Išvestis</strong>:</p><p>0 : 9</p>]]></example>
    <skeleton><![CDATA[#include <iostream>
using namespace std;

int main()
{
    // rašykite kodą čia

    return 0;
}]]></skeleton>
    <drops><![CDATA[]]></drops>
    <language>lt</language>
    <programming_language>cpp</programming_language>
    <menu_position>top</menu_position>
    <author>Tomas Blažauskas</author>
    <score>60</score>
    <show_title>1</show_title>
    <show_description>1</show_description>
    <show_examples>1</show_examples>
    <show_icons>0</show_icons>
    <small_icons>0</small_icons>
    <use_drops>0</use_drops>
    <use_hints>0</use_hints>
    <use_ai>1</use_ai>
    <use_explanations>1</use_explanations>
    <use_corrections>0</use_corrections>
    <use_reviews>0</use_reviews>
    <hints>
        
    </hints>
    <show_tests>1</show_tests>
    <show_files>0</show_files>
    <files>
        
    </files>
    <button_new>0</button_new>
    <button_run>1</button_run>
    <button_assess>1</button_assess>
    <button_stop>0</button_stop>
    <button_clear>1</button_clear>
    <button_upload>1</button_upload>
    <button_download>1</button_download>
</task>