<?xml version="1.0" encoding="UTF-8"?>
<lom xmlns="http://ltsc.ieee.org/xsd/LOM" xmlns:xsi="http://www.w3.org/2001/XMLSchema-instance" xsi:schemaLocation="http://ltsc.ieee.org/xsd/LOM lomCustom.xsd">
	<general uniqueElementName="general">
		<identifier>
			<catalog uniqueElementName="catalog">Pitono pamokėlės 2</catalog>
			<entry uniqueElementName="entry">4a7d755e-34a5-410a-a7d4</entry>
		</identifier>
		<title>
			<string language="en">Muziejus</string>
		</title>
		<language>en</language>
		<description>
			<string language="en"><p>Muziejaus administracija nori ištirti lankytojų srautus per darbo dieną (nuo 10 val. iki 20 val.). Buvo registruojami kiekvieno lankytojo atėjimo ir išėjimo laikai (val., min.).</p><p>Laikoma, kad lankytojas kurį nors pusvalandį buvo muziejuje, jei muziejuje jis praleido bent 20 min. iš to pusvalandžio.</p><p>Nagrinėjami tokie pusės valandos intervalai: 10:00-10:30, 10:30-11:00, 11:00-11:30, ..., 19:30-20:00.&nbsp;</p><p>Parašykite programą randančią, kurį pusvalandį muziejuje buvo daugiausia lankytojų. Jei keli tokie laiko intervalai, raskite tą, kuris vėliausias.</p><p>Duomenų faile <strong>Duomenys.txt</strong> yra eilutės, kurių kiekviena skirta lankytojo atvykimo ir išvykimo laikams užrašyti, nurodant valandas ir minutes (keturi sveikieji skaičiai, atskirti tarpais).</p><p>Rezultatų faile <strong>Rezultatai.txt</strong> spausdinkite surasto laiko intervalo pradžią ir pabaigą bei lankytojų skaičių taip, kaip parodyta pavyzdyje.&nbsp;</p><p><strong>Reikalavimai programai</strong></p><ul><li>Naudokite sveikųjų skaičių sąrašus/masyvus.</li><li>Naudokite funkcijas programos struktūrizavimui.</li></ul></string>
		</description>
		<aggregationLevel uniqueElementName="aggregationLevel">
			<source uniqueElementName="source">LOM-ESv1.0</source>
			<value uniqueElementName="value">2</value>
		</aggregationLevel>
	</general>
	<lifeCycle>
		<contribute>
			<role uniqueElementName="role">
				<source uniqueElementName="source">LOM-ESv1.0</source>
				<value uniqueElementName="value">author</value>
			</role>
			<entity>BEGIN:VCARD VERSION:3.0 FN:Tomas Blažauskas EMAIL;TYPE=INTERNET: ORG: END:VCARD</entity>
			<date>
				<dateTime uniqueElementName="dateTime">2021-01-07T16:49:22.00+02:00</dateTime>
				<description>
					<string language="lt">Metadata creation date</string>
				</description>
			</date>
		</contribute>
	</lifeCycle>
	<metaMetadata uniqueElementName="metaMetadata">
		<contribute>
			<role uniqueElementName="role">
				<source uniqueElementName="source">LOM-ESv1.0</source>
				<value uniqueElementName="value">creator</value>
			</role>
			<entity>BEGIN:VCARD VERSION:3.0 FN:Tomas Blažauskas EMAIL;TYPE=INTERNET: ORG: END:VCARD</entity>
			<date>
				<dateTime uniqueElementName="dateTime">2021-01-07T16:48:12.00+02:00</dateTime>
				<description>
					<string language="en">Metadata creation date</string>
				</description>
			</date>
		</contribute>
		<metadataSchema>LOM-ESv1.0</metadataSchema>
		<language>en</language>
	</metaMetadata>
	<technical uniqueElementName="technical">
		<otherPlatformRequirements>
			<string language="en">editor: hands</string>
		</otherPlatformRequirements>
	</technical>
	<educational>
		<intendedEndUserRole>
			<source uniqueElementName="source">LOM-ESv1.0</source>
			<value uniqueElementName="value">learner</value>
		</intendedEndUserRole>
		<context>
			<source uniqueElementName="source">LOM-ESv1.0</source>
			<value uniqueElementName="value">presencial</value>
		</context>
		<context>
			<source uniqueElementName="source">LOM-ESv1.0</source>
			<value uniqueElementName="value">classroom</value>
		</context>
		<language>en</language>
	</educational>
	<rights uniqueElementName="rights">
		<copyrightAndOtherRestrictions uniqueElementName="copyrightAndOtherRestrictions">
			<source uniqueElementName="source">LOM-ESv1.0</source>
			<value uniqueElementName="value">public domain</value>
		</copyrightAndOtherRestrictions>
		<access uniqueElementName="access">
			<accessType uniqueElementName="accessType">
				<source uniqueElementName="source">LOM-ESv1.0</source>
				<value uniqueElementName="value">universal</value>
			</accessType>
			<description>
				<string language="lt">Default</string>
			</description>
		</access>
	</rights>
</lom>