<?xml version="1.0" encoding="utf-8"?>
<task id="task_28963566">
    <course>Pitono pamokėlės</course>
    <title>Archimedo jėga</title>
    <short>Archimedo jėga</short>
    <description><![CDATA[<p>Vandenyje kūną veikia <strong>av</strong> niutonų Archimedo jėga. Parašykite programą, skaičiuojančią, kokio dydžio Archimedo jėga <strong>az</strong> veiks šį kūną, panardintą į žibalą. Vandens tankį rv = 1000 kg/m3 , žibalo tankį rz = 800 kg /m3 ir laisvojo kritimo pagreitį g = 10 m/s2 aprašykite kaip sveikojo tipo konstantas. Apskaičiuotą Archimedo jėgą išveskite vieno skaitmens po kablelio tikslumu.&nbsp;</p><p><i>Pasitikrinkite</i>: kai <strong>av = 8</strong>, tuomet <strong>az = 6.4</strong>.&nbsp;</p>]]></description>
    <example><![CDATA[<p><strong>Įvestis</strong>:</p><p>Koks av? 8</p><p><strong>Išvestis</strong>:</p><p>6.4</p>]]></example>
    <skeleton><![CDATA[#include <iostream>
using namespace std;

int main()
{
    // rašykite kodą čia

    return 0;
}]]></skeleton>
    <drops><![CDATA[]]></drops>
    <language>lt</language>
    <programming_language>cpp</programming_language>
    <menu_position>top</menu_position>
    <author>Tomas Blažauskas</author>
    <score>60</score>
    <show_title>1</show_title>
    <show_description>1</show_description>
    <show_examples>1</show_examples>
    <show_icons>0</show_icons>
    <small_icons>0</small_icons>
    <use_drops>0</use_drops>
    <use_hints>0</use_hints>
    <use_ai>1</use_ai>
    <use_explanations>1</use_explanations>
    <use_corrections>0</use_corrections>
    <use_reviews>0</use_reviews>
    <hints>
        
    </hints>
    <show_tests>1</show_tests>
    <show_files>0</show_files>
    <files>
        
    </files>
    <button_new>0</button_new>
    <button_run>1</button_run>
    <button_assess>1</button_assess>
    <button_stop>0</button_stop>
    <button_clear>1</button_clear>
    <button_upload>1</button_upload>
    <button_download>1</button_download>
</task>