<?xml version="1.0" encoding="utf-8"?>
<task id="task_41920808">
    <course>Pitono pamokėlės</course>
    <title>Geriausias meškeriotojas</title>
    <short>Geriausias meškeriotojas</short>
    <description><![CDATA[<p>Žaisdami žaidimą „Geriausias meškeriotojas“ žaidėjai užmeta meškeres ir traukia lapelius su ant jų užrašytais triženkliais natūraliaisiais skaičiais. Jeigu užrašyto skaičiaus skaitmenų suma mažesnė arba lygi <strong>5</strong>, meškeriotojas gauna saldainį „<strong>Nenusimink</strong>“, jei skaitmenų suma yra didesnė už <strong>5</strong>, bet ne didesnė už <strong>8</strong>, meškeriotojas gauna saldainį „<strong>Pasistenk</strong>“, jei skaitmenų suma didesnė už <strong>8</strong>, meškeriotojas gauna šokoladą „<strong>Pergalė</strong>“. Žaidimo rengėjai ant lapelių surašė triženklius skaičius iš intervalo [<strong>x1</strong>; <strong>x2</strong>]. Parenkite programą, kuri ekrane parodytų, koks ant lapelio užrašytas skaičius kokį saldumyną atitinka.</p>]]></description>
    <example><![CDATA[<p><strong>Įvestis</strong>:</p><p>Įveskite x1: 219<br>Įveskite x1: 230</p><p><strong>Išvestis</strong>:</p><p>219 Pergalė<br>220 Nenusimink<br>221 Nenusimink<br>222 Pasistenk<br>223 Pasistenk<br>224 Pasistenk<br>225 Pergalė<br>226 Pergalė<br>227 Pergalė<br>228 Pergalė<br>229 Pergalė<br>230 Nenusimink</p>]]></example>
    <skeleton><![CDATA[#include <iostream>
using namespace std;

int main()
{

    return 0;
}]]></skeleton>
    <drops><![CDATA[]]></drops>
    <language>lt</language>
    <programming_language>cpp</programming_language>
    <menu_position>top</menu_position>
    <author>Tomas Blažauskas</author>
    <score>60</score>
    <show_title>1</show_title>
    <show_description>1</show_description>
    <show_examples>1</show_examples>
    <show_icons>0</show_icons>
    <small_icons>0</small_icons>
    <use_drops>0</use_drops>
    <use_hints>0</use_hints>
    <use_ai>1</use_ai>
    <use_explanations>1</use_explanations>
    <use_corrections>0</use_corrections>
    <use_reviews>0</use_reviews>
    <hints>
        
    </hints>
    <show_tests>1</show_tests>
    <show_files>0</show_files>
    <files>
        
    </files>
    <button_new>0</button_new>
    <button_run>1</button_run>
    <button_assess>1</button_assess>
    <button_stop>1</button_stop>
    <button_clear>1</button_clear>
    <button_upload>1</button_upload>
    <button_download>1</button_download>
</task>