<?xml version="1.0" encoding="UTF-8"?>
<lom xmlns="http://ltsc.ieee.org/xsd/LOM" xmlns:xsi="http://www.w3.org/2001/XMLSchema-instance" xsi:schemaLocation="http://ltsc.ieee.org/xsd/LOM lomCustom.xsd">
	<general uniqueElementName="general">
		<identifier>
			<catalog uniqueElementName="catalog">Pitono pamokėlės</catalog>
			<entry uniqueElementName="entry">4a7d755e-34a5-410a-a7d4</entry>
		</identifier>
		<title>
			<string language="en">Nutrinti skaičiai</string>
		</title>
		<language>en</language>
		<description>
			<string language="en"><p>Ant popieriaus lapo užrašyti keturi natūralieji skaičiai: <strong>a</strong>, <strong>b</strong>, <strong>s</strong>, <strong>d</strong>. Po to du iš jų buvo nutrinti (juos žymėsime nuliais). Reikia atkurti nutrintuosius skaičius, jeigu žinoma, kad yra likęs bent vienas iš skaičių <strong>a</strong> ir <strong>b</strong> ir kad skaičiai tenkino šitokias lygybes:</p><ul><li>s = a + b;</li><li>d = a * b.&nbsp;</li></ul><p>Pavyzdžiai:</p><figure class="table"><table><tbody><tr><td><strong>Testo nr.</strong></td><td><strong>Pradiniai duomenys</strong></td><td><strong>Rezultatas</strong></td><td><strong>Paaiškinimai</strong></td></tr><tr><td>1</td><td>0 12 0 48&nbsp;</td><td>4 12 16 48&nbsp;</td><td>Nutrinti skaičiai <i>a</i> ir <i>s</i></td></tr><tr><td>2</td><td>0 5 9 0&nbsp;</td><td>4 5 9 20</td><td>Nutrinti skaičiai <i>a</i> ir <i>d</i></td></tr><tr><td>3</td><td>3 0 0 39</td><td>3 13 16 39&nbsp;</td><td>Nutrinti skaičiai <i>b</i> ir <i>s</i></td></tr><tr><td>4</td><td>15 0 105 0&nbsp;</td><td>15 90 105 1350</td><td>Nutrinti skaičiai <i>b</i> ir <i>d</i></td></tr><tr><td>5</td><td>25 13 0 0&nbsp;</td><td>25 13 38 325</td><td>Nutrinti skaičiai <i>s</i> ir <i>d</i></td></tr><tr><td>6</td><td>1 0 0 32766</td><td>1 32766 32767 32766</td><td>Nutrinti skaičiai <i>b</i> ir <i>s</i></td></tr></tbody></table></figure></string>
		</description>
		<aggregationLevel uniqueElementName="aggregationLevel">
			<source uniqueElementName="source">LOM-ESv1.0</source>
			<value uniqueElementName="value">2</value>
		</aggregationLevel>
	</general>
	<lifeCycle>
		<contribute>
			<role uniqueElementName="role">
				<source uniqueElementName="source">LOM-ESv1.0</source>
				<value uniqueElementName="value">author</value>
			</role>
			<entity>BEGIN:VCARD VERSION:3.0 FN:Tomas Blažauskas EMAIL;TYPE=INTERNET: ORG: END:VCARD</entity>
			<date>
				<dateTime uniqueElementName="dateTime">2021-01-07T16:49:22.00+02:00</dateTime>
				<description>
					<string language="lt">Metadata creation date</string>
				</description>
			</date>
		</contribute>
	</lifeCycle>
	<metaMetadata uniqueElementName="metaMetadata">
		<contribute>
			<role uniqueElementName="role">
				<source uniqueElementName="source">LOM-ESv1.0</source>
				<value uniqueElementName="value">creator</value>
			</role>
			<entity>BEGIN:VCARD VERSION:3.0 FN:Tomas Blažauskas EMAIL;TYPE=INTERNET: ORG: END:VCARD</entity>
			<date>
				<dateTime uniqueElementName="dateTime">2021-01-07T16:48:12.00+02:00</dateTime>
				<description>
					<string language="en">Metadata creation date</string>
				</description>
			</date>
		</contribute>
		<metadataSchema>LOM-ESv1.0</metadataSchema>
		<language>en</language>
	</metaMetadata>
	<technical uniqueElementName="technical">
		<otherPlatformRequirements>
			<string language="en">editor: hands</string>
		</otherPlatformRequirements>
	</technical>
	<educational>
		<intendedEndUserRole>
			<source uniqueElementName="source">LOM-ESv1.0</source>
			<value uniqueElementName="value">learner</value>
		</intendedEndUserRole>
		<context>
			<source uniqueElementName="source">LOM-ESv1.0</source>
			<value uniqueElementName="value">presencial</value>
		</context>
		<context>
			<source uniqueElementName="source">LOM-ESv1.0</source>
			<value uniqueElementName="value">classroom</value>
		</context>
		<language>en</language>
	</educational>
	<rights uniqueElementName="rights">
		<copyrightAndOtherRestrictions uniqueElementName="copyrightAndOtherRestrictions">
			<source uniqueElementName="source">LOM-ESv1.0</source>
			<value uniqueElementName="value">public domain</value>
		</copyrightAndOtherRestrictions>
		<access uniqueElementName="access">
			<accessType uniqueElementName="accessType">
				<source uniqueElementName="source">LOM-ESv1.0</source>
				<value uniqueElementName="value">universal</value>
			</accessType>
			<description>
				<string language="lt">Default</string>
			</description>
		</access>
	</rights>
</lom>