<?xml version="1.0" encoding="utf-8"?>
<task id="task_32798151">
    <course>Cpp kursas 3</course>
    <title>Sportas namie</title>
    <short>Sportas namie</short>
    <description><![CDATA[<p>Mus netikėtai užklupo karantinas. Negalime išeiti iš namų nei sportuoti, nei susitikti su draugais. Jau bėga 4 – oji karantino savaitė. Žmogus nejuda, o svoris auga... Prašykite programą, kuri nustatytų, kiek ir kokių pratimų reikia padaryti kasdien, jog išlaikytumėme gražų kūną!</p><p><strong>Reikalavimai programai</strong></p><ul><li>programoje naudokite struktūros duomenų tipą duomenims saugoti;</li><li>sukurkite funkciją <strong>void Skaityti()</strong>, duomenis iš failo nuskaityti.</li></ul>]]></description>
    <example><![CDATA[<p><strong>Įvestis</strong></p><p>Duomenys pateikiami tekstiniame faile <strong>Karantinas.txt</strong>.&nbsp;</p><p>Pirmoje eilutėje pateikiamas vienas sveikas skaičius <strong>n</strong>, nurodantis, kiek yra užrašyta duomenų eilučių.&nbsp;</p><p>Tolesnė <strong>n</strong> eilučių pateikiami pratimų duomenys:</p><ul><li>Pratimo pavadinimas ir tarpo simbolis;</li><li>Kiek kartų buvo atliktas šis pratimas;</li></ul><p><strong>Išvestis</strong></p><p>Rezultatus pateikite tekstiniame faile <strong>KarantinasRez.txt</strong>. Atsakymus surikiuokite pagal pratimų kiekį mažėjimo tvarka.</p><p>Atskirose eilutėse užrašykite šiuos kiekvieno pratimo duomenis:</p><ul><li>Pratimo pavadinimą;</li><li>Kiek iš viso per dieną reikia padaryti pratimą.</li></ul><figure class="table"><table><tbody><tr><td>Karantinas.txt</td><td>KarantinasRez.txt</td></tr><tr><td>10<br>Atsispaudimai 15<br>Įtūpstai 20<br>Atsispaudimai 15<br>Atsilenkimai 20<br>Pritūpimai 30<br>Pritūpimai 15<br>Atsispaudimai 20<br>Įtūpstai 15<br>Lenta 10<br>Lenta 5&nbsp;</td><td>Atsispaudimai 50<br>Pritūpimai 45<br>Įtūpstai 35<br>Atsilenkimai 20<br>Lenta 15&nbsp;</td></tr></tbody></table></figure>]]></example>
    <skeleton><![CDATA[
]]></skeleton>
    <drops><![CDATA[]]></drops>
    <language>lt</language>
    <programming_language>cpp</programming_language>
    <menu_position>top</menu_position>
    <author>Tomas Blažauskas</author>
    <score>80</score>
    <show_title>1</show_title>
    <show_description>1</show_description>
    <show_examples>1</show_examples>
    <show_icons>0</show_icons>
    <small_icons>0</small_icons>
    <use_drops>0</use_drops>
    <use_hints>0</use_hints>
    <use_ai>1</use_ai>
    <use_explanations>1</use_explanations>
    <use_corrections>0</use_corrections>
    <use_reviews>0</use_reviews>
    <hints>
        
    </hints>
    <show_tests>1</show_tests>
    <show_files>1</show_files>
    <files>
        <file filename="Karantinas.txt"><![CDATA[10
Atsispaudimai 15
Itupstai 20
Atsispaudimai 15
Atsilenkimai 20
Pritupimai 30
Pritupimai 15
Atsispaudimai 20
Itupstai 15
Lenta 10
Lenta 5]]></file>

    </files>
    <button_new>0</button_new>
    <button_run>1</button_run>
    <button_assess>1</button_assess>
    <button_stop>1</button_stop>
    <button_clear>1</button_clear>
    <button_upload>1</button_upload>
    <button_download>1</button_download>
</task>