<?xml version="1.0" encoding="utf-8"?>
<task id="task_85116591">
    <course>Pitono pamokėlės 2</course>
    <title>Pikti šunys</title>
    <short>Pikti šunys</short>
    <description><![CDATA[<p>Viename kaime paštininkas, pienininkas ir šiukšliavežys lankydami vieną namą susiduria su problema – namą saugo du šunys. Kai prasideda diena, pirmasis šuo būna agresyvus <strong>a</strong> minučių, ir po to ramus <strong>b</strong> minučių. Antras šuo atitinkamai agresyvus <strong>c</strong> minučių, ir ramus <strong>d</strong> minučių. Abiejų šunų agresyvumas kartojasi: kiekvienas agresyvumo periodas seka po ramybės periodo. Yra žinomi paštininko, pienininko ir šiukšliavėžio atėjimo laikai <strong>p</strong>, <strong>m</strong> ir <strong>g</strong>.</p><p>Parašykite programą, nustatančią, keli šunys puolė kiekvieną iš atėjusiųjų:</p><ul><li>Pradiniai duomenys skaitomi iš failo <strong>sunys_data.txt</strong> tokia tvarka: <strong>a</strong>, <strong>b</strong>, <strong>c</strong>, <strong>d</strong>, <strong>p</strong>, <strong>m</strong>, <strong>g</strong>.</li><li>Visi duomenys yra sveikieji skaičiai iš intervalo [<strong>1</strong>; <strong>999</strong>].</li><li>Rezultatai įrašomi į rezultatų failą <strong>sunys_res.txt</strong>. Pirmoje eilutėje įrašoma, keli šunys puolė paštininką, antroje – pienininką, trečioje – šiukšliavežį.&nbsp;</li></ul>]]></description>
    <example><![CDATA[<figure class="table"><table><tbody><tr><td><strong>sunys_data.txt</strong></td><td><strong>sunys_res.txt</strong></td></tr><tr><td>2 2 3 3<br>1 3 4</td><td>2<br>1<br>0</td></tr><tr><td>2 3 4 5<br>4 9 5</td><td>1<br>0<br>0</td></tr><tr><td>2 2 2 2<br>2 2 2</td><td>2<br>2<br>2</td></tr><tr><td>1 2 3 4<br>2 2 2</td><td>1<br>1<br>1</td></tr></tbody></table></figure>]]></example>
    <skeleton><![CDATA[#include <iostream>
#include <fstream>
using namespace std;

int main() {

    return 0;
}]]></skeleton>
    <drops><![CDATA[]]></drops>
    <language>lt</language>
    <programming_language>cpp</programming_language>
    <menu_position>top</menu_position>
    <author>Tomas Blažauskas</author>
    <score>70</score>
    <show_title>1</show_title>
    <show_description>1</show_description>
    <show_examples>1</show_examples>
    <show_icons>0</show_icons>
    <small_icons>0</small_icons>
    <use_drops>0</use_drops>
    <use_hints>0</use_hints>
    <use_ai>1</use_ai>
    <use_explanations>1</use_explanations>
    <use_corrections>0</use_corrections>
    <use_reviews>0</use_reviews>
    <hints>
        
    </hints>
    <show_tests>1</show_tests>
    <show_files>1</show_files>
    <files>
        <file filename="sunys_data.txt"><![CDATA[2 2 3 3
1 3 4]]></file>

    </files>
    <button_new>0</button_new>
    <button_run>1</button_run>
    <button_assess>1</button_assess>
    <button_stop>0</button_stop>
    <button_clear>1</button_clear>
    <button_upload>0</button_upload>
    <button_download>0</button_download>
</task>