<?xml version="1.0" encoding="UTF-8"?>
<lom xmlns="http://ltsc.ieee.org/xsd/LOM" xmlns:xsi="http://www.w3.org/2001/XMLSchema-instance" xsi:schemaLocation="http://ltsc.ieee.org/xsd/LOM lomCustom.xsd">
	<general uniqueElementName="general">
		<identifier>
			<catalog uniqueElementName="catalog">Pitono pamokėlės 2</catalog>
			<entry uniqueElementName="entry">4a7d755e-34a5-410a-a7d4</entry>
		</identifier>
		<title>
			<string language="en">Siena</string>
		</title>
		<language>en</language>
		<description>
			<string language="en"><p>Tomas kolekcionuoja plakatus. Vieną dieną jis sugalvojo visus turimus plakatus užklijuoti ant savo kambario sienos. Plakatai yra įvairiausių daugiakampių formų ir gana ploni, todėl Tomas nusprendė kiekvieną pirmiausia priklijuoti ant stačiakampio popieriaus lapo ir įrėminti. Kad nebūtų sudėtinga pagaminti rėmus, Tomas plakatus dėlios taip, kad rėmai nesikirstų (gali liestis). Rėmų kraštinės bus lygiagrečios kambario sienų šonams. Rėmai bus kiek įmanoma mažesni, tačiau juose turi tilpti plakatas. Šiek tiek pamąstęs, jis sudarė planą, kuriame sužymėjo tikslias plakatų vietas ant sienos.&nbsp;</p><p>Tomo mama susirūpinusi. Siena neseniai buvo dažyta ir dabar bus uždengta plakatais. Jai rūpi kiek sienos liks matoma.&nbsp;</p><p><i><strong>Užduotis</strong></i>. Parašykite programą, kuri apskaičiuotų nepaslėptos po plakatais ir jų rėmais sienos dalies plotą (kvadratiniais centimetrais). Laikykite, kad rėmo plotis lygus 0.&nbsp;</p><p><i><strong>Pradiniai duomenys</strong></i> pateikti faile <strong>Duomenys.txt</strong>.&nbsp;</p><p>Pirmoje eilutėje įrašyti du skaičiai – sienos plotis p ir aukštis a centimetrais (1 ≤ p, a ≤ 1000). &nbsp;</p><p>Antroje eilutėje įrašytas vienas sveikas skaičius N (1 ≤ N ≤ 1000) – plakatų kiekis.&nbsp;</p><p>Tolesnėse N eilučių aprašyti plakatai po vieną eilutėje. Plakato aprašą sudaro keletas sveikų skaičių. Pirmas skaičius yra plakato kampų kiekis m (3 ≤ m ≤ 100). Toliau eilutėje m skaičių porų. Kiekviena pora reiškia plakato kampo koordinates, kai koordinačių pradžios taškas yra sienos kairys apatinis kampas. Kampai pateikti eilės tvarka.</p><p>Visi plakatai telpa sienoje. Matavimai nurodyti centimetrais.&nbsp;</p><p><i><strong>Rezultatai</strong></i>. Į rezultatų failą <strong>Rezultatai.txt </strong>įrašykite vieną skaičių – neuždengtos plakatais ir jų rėmais sienos plotą kvadratiniais centimetrais.&nbsp;</p><p><strong>Reikalavimai programai</strong></p><ul><li>Reikia sukurti ploto skaičiavimo funkciją.</li><li>Reikia sukurti rėmo kraštinės ilgio skaičiavimo funkciją.</li></ul></string>
		</description>
		<aggregationLevel uniqueElementName="aggregationLevel">
			<source uniqueElementName="source">LOM-ESv1.0</source>
			<value uniqueElementName="value">2</value>
		</aggregationLevel>
	</general>
	<lifeCycle>
		<contribute>
			<role uniqueElementName="role">
				<source uniqueElementName="source">LOM-ESv1.0</source>
				<value uniqueElementName="value">author</value>
			</role>
			<entity>BEGIN:VCARD VERSION:3.0 FN:Tomas Blažauskas EMAIL;TYPE=INTERNET: ORG: END:VCARD</entity>
			<date>
				<dateTime uniqueElementName="dateTime">2021-01-07T16:49:22.00+02:00</dateTime>
				<description>
					<string language="lt">Metadata creation date</string>
				</description>
			</date>
		</contribute>
	</lifeCycle>
	<metaMetadata uniqueElementName="metaMetadata">
		<contribute>
			<role uniqueElementName="role">
				<source uniqueElementName="source">LOM-ESv1.0</source>
				<value uniqueElementName="value">creator</value>
			</role>
			<entity>BEGIN:VCARD VERSION:3.0 FN:Tomas Blažauskas EMAIL;TYPE=INTERNET: ORG: END:VCARD</entity>
			<date>
				<dateTime uniqueElementName="dateTime">2021-01-07T16:48:12.00+02:00</dateTime>
				<description>
					<string language="en">Metadata creation date</string>
				</description>
			</date>
		</contribute>
		<metadataSchema>LOM-ESv1.0</metadataSchema>
		<language>en</language>
	</metaMetadata>
	<technical uniqueElementName="technical">
		<otherPlatformRequirements>
			<string language="en">editor: hands</string>
		</otherPlatformRequirements>
	</technical>
	<educational>
		<intendedEndUserRole>
			<source uniqueElementName="source">LOM-ESv1.0</source>
			<value uniqueElementName="value">learner</value>
		</intendedEndUserRole>
		<context>
			<source uniqueElementName="source">LOM-ESv1.0</source>
			<value uniqueElementName="value">presencial</value>
		</context>
		<context>
			<source uniqueElementName="source">LOM-ESv1.0</source>
			<value uniqueElementName="value">classroom</value>
		</context>
		<language>en</language>
	</educational>
	<rights uniqueElementName="rights">
		<copyrightAndOtherRestrictions uniqueElementName="copyrightAndOtherRestrictions">
			<source uniqueElementName="source">LOM-ESv1.0</source>
			<value uniqueElementName="value">public domain</value>
		</copyrightAndOtherRestrictions>
		<access uniqueElementName="access">
			<accessType uniqueElementName="accessType">
				<source uniqueElementName="source">LOM-ESv1.0</source>
				<value uniqueElementName="value">universal</value>
			</accessType>
			<description>
				<string language="lt">Default</string>
			</description>
		</access>
	</rights>
</lom>