<?xml version="1.0" encoding="utf-8"?>
<task id="task_89801591">
    <course>Pitono pamokėlės</course>
    <title>Trikampio plotas</title>
    <short>Trikampio plotas</short>
    <description><![CDATA[<p>Klaviatūra įvedamos trys atkarpos <strong>a</strong>, <strong>b</strong>, <strong>c</strong> – trikampio kraštinių ilgiai. Parašykite programą skaičiuojančią ir spausdinančią trikampio plotą ir perimetrą vieno skaitmens po kablelio tikslumu.</p><p><i>Pasitikrinkite</i>: kai<strong> a = 3</strong>, <strong>b = 4</strong>, <strong>c = 5</strong>, turi būti spausdinama: Trikampio plotas yra <strong>6.0</strong> kvadr. vnt., perimetras yra <strong>12.0</strong> vnt.&nbsp;</p><p>Dar nemokame patikrinti, ar iš atkarpų galima sudaryti trikampį, todėl spręsdami uždavinį laikysime, kad iš atkarpų tikrai galima sudaryti trikampį. Ploto apskaičiavimui naudokite Herono formulę.</p>]]></description>
    <example><![CDATA[<p><strong>Įvestis</strong>:</p><p>3</p><p>4</p><p>5</p><p><strong>Išvestis</strong>:</p><p>plotas: 6.0</p><p>perimetras: 12.0</p>]]></example>
    <skeleton><![CDATA[#include <iostream>
using namespace std;

int main()
{
    // rašykite kodą čia

    return 0;
}]]></skeleton>
    <drops><![CDATA[]]></drops>
    <language>lt</language>
    <programming_language>cpp</programming_language>
    <menu_position>top</menu_position>
    <author>Tomas Blažauskas</author>
    <score>60</score>
    <show_title>1</show_title>
    <show_description>1</show_description>
    <show_examples>1</show_examples>
    <show_icons>0</show_icons>
    <small_icons>0</small_icons>
    <use_drops>0</use_drops>
    <use_hints>0</use_hints>
    <use_ai>1</use_ai>
    <use_explanations>1</use_explanations>
    <use_corrections>0</use_corrections>
    <use_reviews>0</use_reviews>
    <hints>
        
    </hints>
    <show_tests>1</show_tests>
    <show_files>0</show_files>
    <files>
        
    </files>
    <button_new>0</button_new>
    <button_run>1</button_run>
    <button_assess>1</button_assess>
    <button_stop>0</button_stop>
    <button_clear>1</button_clear>
    <button_upload>1</button_upload>
    <button_download>1</button_download>
</task>