<?xml version="1.0" encoding="utf-8"?>
<task id="task_38881781">
    <course>Pitono pamokėlės</course>
    <title>Skaičiaus sudarymas iš skaitmenų</title>
    <short>Skaičius iš skaitmenų</short>
    <description><![CDATA[<p>Yra žinomi penkiaženklio skaičiaus skaitmenys <strong>a</strong>, <strong>b</strong>, <strong>c</strong>, <strong>d</strong>, <strong>e</strong>, išdėstyti nuo pirmojo iki paskutiniojo skaitmens. Sudarykite programą, kuri iš įvestų skaitmenų suformuotų penkiaženklį skaičių. <i>Pasitikrinkite</i>: jei <strong>a = 6</strong>, <strong>b = 4</strong>, <strong>c = 4</strong>, <strong>d = 7</strong>, <strong>e = 1</strong>, tuomet skaičius yra <strong>64471</strong>.</p>]]></description>
    <example><![CDATA[<p><strong>Įvestis</strong>:</p><p>Įveskite a: 6</p><p>Įveskite b: 4</p><p>Įveskite c: 4</p><p>Įveskite d: 7</p><p>Įveskite e: 1</p><p><strong>Išvestis</strong>:</p><p>64471&nbsp;</p>]]></example>
    <skeleton><![CDATA[#include <iostream>
using namespace std;

int main()
{
    // rašykite kodą čia

    return 0;
}]]></skeleton>
    <drops><![CDATA[]]></drops>
    <language>lt</language>
    <programming_language>cpp</programming_language>
    <menu_position>top</menu_position>
    <author>Tomas Blažauskas</author>
    <score>60</score>
    <show_title>1</show_title>
    <show_description>1</show_description>
    <show_examples>1</show_examples>
    <show_icons>0</show_icons>
    <small_icons>0</small_icons>
    <use_drops>0</use_drops>
    <use_hints>0</use_hints>
    <use_ai>1</use_ai>
    <use_explanations>1</use_explanations>
    <use_corrections>0</use_corrections>
    <use_reviews>0</use_reviews>
    <hints>
        
    </hints>
    <show_tests>1</show_tests>
    <show_files>0</show_files>
    <files>
        
    </files>
    <button_new>0</button_new>
    <button_run>1</button_run>
    <button_assess>1</button_assess>
    <button_stop>0</button_stop>
    <button_clear>1</button_clear>
    <button_upload>1</button_upload>
    <button_download>1</button_download>
</task>