<?xml version="1.0" encoding="UTF-8"?>
<lom xmlns="http://ltsc.ieee.org/xsd/LOM" xmlns:xsi="http://www.w3.org/2001/XMLSchema-instance" xsi:schemaLocation="http://ltsc.ieee.org/xsd/LOM lomCustom.xsd">
	<general uniqueElementName="general">
		<identifier>
			<catalog uniqueElementName="catalog">Pitono kursas 2</catalog>
			<entry uniqueElementName="entry">4a7d755e-34a5-410a-a7d4</entry>
		</identifier>
		<title>
			<string language="en">Sodinukai</string>
		</title>
		<language>en</language>
		<description>
			<string language="en"><p>Pranas augina medelių sodinukus, kuriuos po to parduoda kitiems sodininkams. Parduoti skirti sodinukai turi būti ne žemesni už <strong>a1</strong> centimetrų ir ne aukštesni už <strong>a2</strong> centimetrų. Prano medelyne auga n sodinukų. Rengdamasis rudeninei mugei Pranas išmatavo kiekvieno sodinuko aukštį ir surašė duomenis faile <strong>sodinukai_data.txt</strong>. Pirmoje eilutėje – <strong>du</strong> sveikieji skaičiai a1 ir a2, nurodantys, kokiame aukščių intervale, įskaitant intervalo galus, yra parduoti tinkamų sodinukų aukščiai. Kitose failo eilutėse įrašyti sodinukų aukščiai (sveikieji skaičiai). Jei mugei tinkamų sodinukų nėra, turi būti žodis NE. Parašykite programą, kuri rezultatų faile <strong>sodinukai_res.txt</strong> išsaugotų:</p><ul><li>vidutinį visų medelyne augančių sodinukų aukštį vieno skaitmens po kablelio tikslumu;</li><li>sodinukų, atrinktų rudeninei mugei, skaičių;</li><li>atrinktų sodinukų vidutinį aukštį vieno skaitmens po kablelio tikslumu;</li><li>pateiktų rudeninei mugei atrinktų sodinukų aukščių masyvą vienoje eilutėje.</li></ul><p><strong>Reikalavimai programai</strong></p><p>Duomenims saugoti naudokite masyvus.</p><ul><li>Sukurkite pradinių duomenų skaitymo funkciją.</li><li>Sukurkite funkciją atrinkti_sodinukus(), kuri sudeda į naują masyvą rudeninei mugei atrinktus sodinukus.</li><li>Sukurkite funkciją skaiciuoti_sodinuku_vidurki(), kuri gražina apskaičiuotą vidutinį sodinuko aukštį. Į funkciją kreiptis 2 kartus: su visų sodinukų ir su atrinktų mugei sodinukų masyvais.</li><li>Sukurti rezultatų rašymo į failą funkciją.&nbsp;</li></ul></string>
		</description>
		<aggregationLevel uniqueElementName="aggregationLevel">
			<source uniqueElementName="source">LOM-ESv1.0</source>
			<value uniqueElementName="value">2</value>
		</aggregationLevel>
	</general>
	<lifeCycle>
		<contribute>
			<role uniqueElementName="role">
				<source uniqueElementName="source">LOM-ESv1.0</source>
				<value uniqueElementName="value">author</value>
			</role>
			<entity>BEGIN:VCARD VERSION:3.0 FN:Tomas Blažauskas EMAIL;TYPE=INTERNET: ORG: END:VCARD</entity>
			<date>
				<dateTime uniqueElementName="dateTime">2021-01-07T16:49:22.00+02:00</dateTime>
				<description>
					<string language="lt">Metadata creation date</string>
				</description>
			</date>
		</contribute>
	</lifeCycle>
	<metaMetadata uniqueElementName="metaMetadata">
		<contribute>
			<role uniqueElementName="role">
				<source uniqueElementName="source">LOM-ESv1.0</source>
				<value uniqueElementName="value">creator</value>
			</role>
			<entity>BEGIN:VCARD VERSION:3.0 FN:Tomas Blažauskas EMAIL;TYPE=INTERNET: ORG: END:VCARD</entity>
			<date>
				<dateTime uniqueElementName="dateTime">2021-01-07T16:48:12.00+02:00</dateTime>
				<description>
					<string language="en">Metadata creation date</string>
				</description>
			</date>
		</contribute>
		<metadataSchema>LOM-ESv1.0</metadataSchema>
		<language>en</language>
	</metaMetadata>
	<technical uniqueElementName="technical">
		<otherPlatformRequirements>
			<string language="en">editor: hands</string>
		</otherPlatformRequirements>
	</technical>
	<educational>
		<intendedEndUserRole>
			<source uniqueElementName="source">LOM-ESv1.0</source>
			<value uniqueElementName="value">learner</value>
		</intendedEndUserRole>
		<context>
			<source uniqueElementName="source">LOM-ESv1.0</source>
			<value uniqueElementName="value">presencial</value>
		</context>
		<context>
			<source uniqueElementName="source">LOM-ESv1.0</source>
			<value uniqueElementName="value">classroom</value>
		</context>
		<language>en</language>
	</educational>
	<rights uniqueElementName="rights">
		<copyrightAndOtherRestrictions uniqueElementName="copyrightAndOtherRestrictions">
			<source uniqueElementName="source">LOM-ESv1.0</source>
			<value uniqueElementName="value">public domain</value>
		</copyrightAndOtherRestrictions>
		<access uniqueElementName="access">
			<accessType uniqueElementName="accessType">
				<source uniqueElementName="source">LOM-ESv1.0</source>
				<value uniqueElementName="value">universal</value>
			</accessType>
			<description>
				<string language="lt">Default</string>
			</description>
		</access>
	</rights>
</lom>