<?xml version="1.0" encoding="utf-8"?>
<task id="task_18782558">
    <course>Pitono pamokėlės 2</course>
    <title>Kopija</title>
    <short>Kopija</short>
    <description><![CDATA[<p>Parašykite nedidelę programą failų kopijų darymui. Pradžiai - nuskaitykite failą pavadinimu <strong>eilerastis.txt</strong> ir nukopijuokite jo turinį į failą <strong>eilerastis_kopija.txt</strong>.</p>]]></description>
    <example><![CDATA[<figure class="table"><table><tbody><tr><td><strong>eilerastis.txt &nbsp;&nbsp;</strong></td><td><strong>eilerastis_kopija.txt &nbsp;&nbsp;</strong></td></tr><tr><td>Mano batai buvo du,<br>Vienas dingo - nerandu<br>Aš su vienu batuku,<br>Niekur eiti negaliu.</td><td>Mano batai buvo du,<br>Vienas dingo - nerandu<br>Aš su vienu batuku,<br>Niekur eiti negaliu.</td></tr></tbody></table></figure>]]></example>
    <skeleton><![CDATA[#include <iostream>
#include <fstream>
using namespace std;

int main() {

    return 0;
}]]></skeleton>
    <drops><![CDATA[]]></drops>
    <language>lt</language>
    <programming_language>cpp</programming_language>
    <menu_position>top</menu_position>
    <author>Tomas Blažauskas</author>
    <score>70</score>
    <show_title>1</show_title>
    <show_description>1</show_description>
    <show_examples>1</show_examples>
    <show_icons>0</show_icons>
    <small_icons>0</small_icons>
    <use_drops>0</use_drops>
    <use_hints>0</use_hints>
    <use_ai>1</use_ai>
    <use_explanations>1</use_explanations>
    <use_corrections>0</use_corrections>
    <use_reviews>0</use_reviews>
    <hints>
        
    </hints>
    <show_tests>1</show_tests>
    <show_files>1</show_files>
    <files>
        <file filename="eilerastis.txt"><![CDATA[Mano batai buvo du,
Vienas dingo - nerandu
As su vienu batuku,
Niekur eiti negaliu.]]></file>

    </files>
    <button_new>0</button_new>
    <button_run>1</button_run>
    <button_assess>1</button_assess>
    <button_stop>1</button_stop>
    <button_clear>1</button_clear>
    <button_upload>1</button_upload>
    <button_download>1</button_download>
</task>