<?xml version="1.0" encoding="utf-8"?>
<task id="task_42324957">
    <course>Pitono pamokėlės</course>
    <title>Kurmio svarstymai</title>
    <short>Kurmio svarstymai</short>
    <description><![CDATA[<p>Kurmis ilgai svarstė, ar jam apsimoka vesti Coliukę. Jis skaičiavo, kiek kainuos Coliukės išlaikymas. Coliukė suvalgo 0,5 grūdo per dieną. Kurmis planuoja gyventi santuokoje <strong>m</strong> metų, o Coliukės išlaikymui gali skirti <strong>n</strong> kilogramų grūdų. 1000 grūdų masė yra lygi <strong>g</strong> gramų. Laikykite, kad metus sudaro 365,25 dienos.&nbsp;</p><p>Parašykite programą, kuri nustatytų, ar šykštuoliui Kurmiui apsimoka vesti Coliukę.<br><i>Pasitikrinkite</i>: kai <strong>g = 48.5</strong>, <strong>m = 10</strong> , <strong>n = 0.10</strong>, tuomet ekrane turi būti rodoma: <strong>Kurmiui vesti Coliukę apsimoka</strong>.<br>Kai <strong>g = 48.5</strong>, <strong>m = 10</strong> , <strong>n = 0.005</strong>, tuomet ekrane turi būti rodoma: <strong>Kurmiui vesti Coliukės neapsimoka</strong>.&nbsp;</p>]]></description>
    <example><![CDATA[<p><strong>Įvestis</strong>:</p><p>Kiek gramų sudaro 1000 grūdų? 48.5</p><p>Kiek kurmis žada gyventi santuokoje? 10</p><p>Kiek Coliukės išlaikymui kurmis ketina skirti kilogramų? 0.10</p><p><strong>Išvestis</strong>:</p><p>Kurmiui vesti Coliukę apsimoka</p>]]></example>
    <skeleton><![CDATA[#include <iostream>
using namespace std;

int main()
{
    // rašykite kodą čia

    return 0;
}]]></skeleton>
    <drops><![CDATA[]]></drops>
    <language>lt</language>
    <programming_language>cpp</programming_language>
    <menu_position>top</menu_position>
    <author>Tomas Blažauskas</author>
    <score>60</score>
    <show_title>1</show_title>
    <show_description>1</show_description>
    <show_examples>1</show_examples>
    <show_icons>0</show_icons>
    <small_icons>0</small_icons>
    <use_drops>0</use_drops>
    <use_hints>0</use_hints>
    <use_ai>1</use_ai>
    <use_explanations>1</use_explanations>
    <use_corrections>0</use_corrections>
    <use_reviews>0</use_reviews>
    <hints>
        
    </hints>
    <show_tests>1</show_tests>
    <show_files>0</show_files>
    <files>
        
    </files>
    <button_new>0</button_new>
    <button_run>1</button_run>
    <button_assess>1</button_assess>
    <button_stop>0</button_stop>
    <button_clear>1</button_clear>
    <button_upload>1</button_upload>
    <button_download>1</button_download>
</task>