<?xml version="1.0" encoding="utf-8"?>
<task id="task_79508157">
    <course>Cpp kursas 1</course>
    <title>inputas</title>
    <short>inputas</short>
    <description><![CDATA[<p>Užduoties aprašymas</p>]]></description>
    <example><![CDATA[<p>Įvesties, išvesties pavyzdžiai</p>]]></example>
    <skeleton><![CDATA[#include <iostream>
#include <string>
using namespace std;

int main() {
    string failas = "failai/paskaitos/uzrasai.txt";
    string priesaga = ".txt";

    // Check if the string ends with .txt
    if (failas.length() >= priesaga.length() &&
        failas.substr(failas.length() - priesaga.length()) == priesaga) {
        cout << "Tekstinis failas." << endl;
        cout << "Pradedamas darbas su failu." << endl;
    } else {
        cout << "Ne tekstinis failas" << endl;
        cout << "Prašome pasirinkti tinkamą failą." << endl;
    }

    return 0;
}]]></skeleton>
    <drops><![CDATA[]]></drops>
    <language>lt</language>
    <programming_language>cpp</programming_language>
    <menu_position>left</menu_position>
    <author>Tomas Blažauskas</author>
    <score>50</score>
    <show_title>0</show_title>
    <show_description>0</show_description>
    <show_examples>0</show_examples>
    <show_icons>1</show_icons>
    <small_icons>1</small_icons>
    <use_drops>0</use_drops>
    <use_hints>0</use_hints>
    <use_ai>0</use_ai>
    <use_explanations>0</use_explanations>
    <use_corrections>0</use_corrections>
    <use_reviews>0</use_reviews>
    <hints>
        
    </hints>
    <show_tests>0</show_tests>
    <show_files>0</show_files>
    <files>
        
    </files>
    <button_new>0</button_new>
    <button_run>1</button_run>
    <button_assess>0</button_assess>
    <button_stop>0</button_stop>
    <button_clear>0</button_clear>
    <button_upload>0</button_upload>
    <button_download>0</button_download>
</task>