<?xml version="1.0" encoding="utf-8"?>
<task id="task_18520644">
    <course>Pitono kursas 2</course>
    <title>Detalės</title>
    <short>Detalės</short>
    <description><![CDATA[<p>Pradinių duomenų failo “<strong>detales.txt</strong>” eilutėse įrašyti duomenys apie kiekvieną detalę: triženklis detalės kodas (sveikasis skaičius), tos rūšies detalių skaičius (sveikasis skaičius), detalės vieneto kaina (realusis skaičius) ir brokuotų detalių kiekis (sveikasis skaičius).&nbsp;</p><p>Parašykite programą, skaičiuojančią:</p><ol><li>kiek yra kiekvienos rūšies nebrokuotų detalių;</li><li>kiek kainavo kiekvienos rūšies nebrokuotos detalės;</li><li>kiek iš viso buvo brokuotų detalių;</li><li>kiek kainavo visos detalės (įskaitant ir brokuotas);</li><li>kiek procentų nuostolių patirs bendrovė dėl brokuotų detalių.</li></ol><p>Reikalavimai programai:</p><ul><li>Naudokite sveikųjų ir realiųjų skaičių sąrašus: sveikųjų – kiekiams ir kodams, realiųjų – detalių kainoms saugoti.</li><li>Sukurkite pradinių duomenų skaitymo funkciją. Joje į sąrašus sudėkite detalių kodus, kiekius (visų ir brokuotų) ir detalės vieneto kainas.</li><li>Sukurkite funkciją, kuri suformuotų: nebrokuotų detalių sąrašą(sveikųjų skaičių sąrašas) bei nebrokuotų ir visų detalių kainų sąrašus (realiųjų skaičių).</li><li>Sukurkite detalių kainų sumos skaičiavimo funkciją, grąžinančią apskaičiuotą sumą. Funkciją panaudokite atlikdami 4 ir 5 užduotis.&nbsp;</li><li>Sukurkite brokuotų detalių kiekio skaičiavimo funkciją, grąžinančią apskaičiuotą kiekį. Funkciją panaudokite atlikdami 3 užduotį.</li><li>Skaičiavimų rezultatus išveskite į rezultatų failą “<strong>detalesrez.txt</strong>”. Rezultatų išvedimui į failą parašykite funkciją.</li></ul><p>Rezultatų faile turi būti įrašyta: pirmosiose n eilučių – visi <strong>septyni </strong>sąrašai, po to išvedamas brokuotų detalių skaičius, pinigų suma, kurią kainavo visos detalės ir kiek procentų nuostolių patirs bendrovė dviejų ženklų po kablelio tikslumu.&nbsp;</p>]]></description>
    <example><![CDATA[<figure class="table"><table><tbody><tr><td><strong>detales.txt &nbsp;&nbsp;</strong></td><td><strong>detalesrez.txt&nbsp;</strong></td></tr><tr><td>123 12 1.20 5<br>213 15 2.30 9<br>415 14 3.21 2&nbsp;</td><td>123 12 1.20 5 7<br>8.40 14.40<br>213 15 2.30 9 6<br>13.80 34.50<br>415 14 3.21 2 12<br>38.52 44.94<br>16<br>93.84<br>35.29&nbsp;</td></tr></tbody></table></figure>]]></example>
    <skeleton><![CDATA[#include <iostream>
#include <fstream>
#include <string>
#include <iomanip>
using namespace std;

int main() {

    return 0;
}]]></skeleton>
    <drops><![CDATA[]]></drops>
    <language>lt</language>
    <programming_language>cpp</programming_language>
    <menu_position>top</menu_position>
    <author>Tomas Blažauskas</author>
    <score>80</score>
    <show_title>1</show_title>
    <show_description>1</show_description>
    <show_examples>1</show_examples>
    <show_icons>0</show_icons>
    <small_icons>0</small_icons>
    <use_drops>0</use_drops>
    <use_hints>0</use_hints>
    <use_ai>1</use_ai>
    <use_explanations>1</use_explanations>
    <use_corrections>0</use_corrections>
    <use_reviews>0</use_reviews>
    <hints>
        
    </hints>
    <show_tests>1</show_tests>
    <show_files>1</show_files>
    <files>
        <file filename="detales.txt"><![CDATA[123 12 1.20 5
213 15 2.30 9
415 14 3.21 2 ]]></file>

    </files>
    <button_new>0</button_new>
    <button_run>1</button_run>
    <button_assess>1</button_assess>
    <button_stop>1</button_stop>
    <button_clear>1</button_clear>
    <button_upload>1</button_upload>
    <button_download>1</button_download>
</task>