<?xml version="1.0" encoding="UTF-8"?>
<lom xmlns="http://ltsc.ieee.org/xsd/LOM" xmlns:xsi="http://www.w3.org/2001/XMLSchema-instance" xsi:schemaLocation="http://ltsc.ieee.org/xsd/LOM lomCustom.xsd">
	<general uniqueElementName="general">
		<identifier>
			<catalog uniqueElementName="catalog">Pitono kursas 2</catalog>
			<entry uniqueElementName="entry">4a7d755e-34a5-410a-a7d4</entry>
		</identifier>
		<title>
			<string language="en">Vėlavimas į pamoką</string>
		</title>
		<language>en</language>
		<description>
			<string language="en"><p>Informatikos mokytoja labai pyksta, jei mokiniai vėluoja į pamokas. Ji toleruoja ne daugiau kaip <strong>mv </strong>minučių vėlavimą. Tai reiškia, kad pavėlavus ne daugiau nei mv minučių, mokytoja tai neskaito vėlavimu. Pamoka prasideda, kai laikrodis rodo <strong>v</strong> valandą, <strong>m</strong> minučių.&nbsp;</p><p>Mokytoja pradinių duomenų faile <strong>velavimas.txt</strong> surašė duomenis, kuriuos reikės apdoroti. Pirmoje pradinių duomenų failo eilutėje įrašyti trys sveikieji skaičiai: kelių minučių <strong>mv</strong> vėlavimą toleruoja mokytoja, pamokos pradžios valanda <strong>v</strong> ir minutė <strong>m</strong>. Tolesnėse eilutėse surašyta informacija apie kiekvieną mokinį: vardas ir mokinio atėjimo į klasę laikas (valanda ir minutė, sveikieji skaičiai).&nbsp;</p><p>Parenkite programą, kuri į rezultatų failą <strong>velavimas_res.txt</strong> surašytų rezultatus taip, kaip pateikta pavyzdyje (nurodomas mokinio vardas ir keliomis minutėmis anksčiau/vėliau mokinys atėjo į kabinetą. Jei mokinys atėjo anksčiau – teigiamas skaičius, jei vėliau – neigiamas, jei su skambučiu – nulis). Jei vėluojančių (arba nevėluojančių) mokinių nėra, tuomet rezultatų faile turi būti įrašyta „Vėluojančių nėra“ („Nevėluojančių nėra“).</p><p><strong>Reikalavimai programai</strong></p><ul><li>Naudokite masyvus.</li><li>Sukurkite duomenų skaitymo funkciją <strong>skaityti_duomenis</strong>.</li><li>Sukurti funkciją, kuri skaičiuotų, keliomis minutėmis per anksti (arba per vėlai) mokinys atėjo į kabinetą.</li><li>Sukurti funkcija <strong>tikrinti_velavima</strong>, kuri nustato, ar mokinys neviršijo leistino vėlavimo laiko.</li><li>Sukurti funkciją <strong>skaiciuoti_vidurki</strong>, skaičiuojanti vidutinį mokinio atėjimo anksčiau (vėlavimo) laiką. Turi būti 2 kreipiniai į funkciją: skaičiuojant vidutinį nevėluojančių ir vėluojančių laiką.Vidutinis atėjimo anksčiau (vėlavimo) laikas išvedamas vieno skaitmens po kablelio tikslumu.</li><li>Sukurti rezultatų saugojimo faile funkciją.</li><li>Pasipraktikavimui - pirmą kartą atidarykite failą rašymo režime ir įrašykite nevėluojančių mokinių informaciją; antrą kartą atidarykite rezultatų failą papildymo režime ir jį papildykite vėluojančių mokinių informacija.&nbsp;</li></ul></string>
		</description>
		<aggregationLevel uniqueElementName="aggregationLevel">
			<source uniqueElementName="source">LOM-ESv1.0</source>
			<value uniqueElementName="value">2</value>
		</aggregationLevel>
	</general>
	<lifeCycle>
		<contribute>
			<role uniqueElementName="role">
				<source uniqueElementName="source">LOM-ESv1.0</source>
				<value uniqueElementName="value">author</value>
			</role>
			<entity>BEGIN:VCARD VERSION:3.0 FN:Tomas Blažauskas EMAIL;TYPE=INTERNET: ORG: END:VCARD</entity>
			<date>
				<dateTime uniqueElementName="dateTime">2021-01-07T16:49:22.00+02:00</dateTime>
				<description>
					<string language="lt">Metadata creation date</string>
				</description>
			</date>
		</contribute>
	</lifeCycle>
	<metaMetadata uniqueElementName="metaMetadata">
		<contribute>
			<role uniqueElementName="role">
				<source uniqueElementName="source">LOM-ESv1.0</source>
				<value uniqueElementName="value">creator</value>
			</role>
			<entity>BEGIN:VCARD VERSION:3.0 FN:Tomas Blažauskas EMAIL;TYPE=INTERNET: ORG: END:VCARD</entity>
			<date>
				<dateTime uniqueElementName="dateTime">2021-01-07T16:48:12.00+02:00</dateTime>
				<description>
					<string language="en">Metadata creation date</string>
				</description>
			</date>
		</contribute>
		<metadataSchema>LOM-ESv1.0</metadataSchema>
		<language>en</language>
	</metaMetadata>
	<technical uniqueElementName="technical">
		<otherPlatformRequirements>
			<string language="en">editor: hands</string>
		</otherPlatformRequirements>
	</technical>
	<educational>
		<intendedEndUserRole>
			<source uniqueElementName="source">LOM-ESv1.0</source>
			<value uniqueElementName="value">learner</value>
		</intendedEndUserRole>
		<context>
			<source uniqueElementName="source">LOM-ESv1.0</source>
			<value uniqueElementName="value">presencial</value>
		</context>
		<context>
			<source uniqueElementName="source">LOM-ESv1.0</source>
			<value uniqueElementName="value">classroom</value>
		</context>
		<language>en</language>
	</educational>
	<rights uniqueElementName="rights">
		<copyrightAndOtherRestrictions uniqueElementName="copyrightAndOtherRestrictions">
			<source uniqueElementName="source">LOM-ESv1.0</source>
			<value uniqueElementName="value">public domain</value>
		</copyrightAndOtherRestrictions>
		<access uniqueElementName="access">
			<accessType uniqueElementName="accessType">
				<source uniqueElementName="source">LOM-ESv1.0</source>
				<value uniqueElementName="value">universal</value>
			</accessType>
			<description>
				<string language="lt">Default</string>
			</description>
		</access>
	</rights>
</lom>