<?xml version="1.0" encoding="utf-8"?>
<task id="task_92028467">
    <course>Pitono pamokėlės 2</course>
    <title>Dovanų metas</title>
    <short>Dovanų  metas</short>
    <description><![CDATA[<p>Artėjant Kalėdoms, mokykloje buvo nuspręsta pradžiuginti pažangius moksleivius. Mokytojos pasiūlė padaryti staigmeną gerai besimokantiems mokiniams. Moksleiviai, kurių trimestro vidurkis yra įvertintas <strong>daugiau nei 8 balais</strong>, laikomi pažangiais mokiniais. Jiems nuspręsta prieš Kalėdų atostogas įteikti kalėdinių saldainių dėžutę. Šią akciją nusprendė paremti netoliese esanti parduotuvė, kuri sutiko taikyti didesnes nuolaidas, priklausomai nuo nupirktų saldainių dėžučių kiekio, kiekvienai klasės auklėtojai. Jei perkama <strong>4</strong> ar daugiau dėžučių taikoma <strong>25%</strong> nuolaidą, jei <strong>7</strong> ar daugiau – <strong>35%</strong>, o jei daugiau nei <strong>10</strong> – net <strong>40%</strong> nuolaida.</p><p>Jūsų užduotis bus padėti mokytojai sužinoti kiek mokinių gaus kalėdinių dovanų, kokią nuolaidą gaus vienos klasės auklėtoja ir kiek iš viso pinigų už jas sumokės.&nbsp;</p><p>Pradiniai duomenys saugomi tekstiniame faile <strong>Duomenys.txt</strong> – pirmoje eilutėje įrašytas klasės <strong>pavadinimas</strong>, antroje – <strong>mokinių skaičius</strong> n, &nbsp;trečioje - <strong>dėžutės kaina be nuolaidos</strong>, toliau kiekvienoje eilutėje surašyti atskirų mokinių pažymiai, pirmas skaičius – kiek pažymių mokinys turi, toliau - visi jo pažymiai.&nbsp;</p><p><i>Rezultatas</i> įrašomas į tekstinį failą <strong>Rezultatai.txt</strong>. Jame turi būti:</p><ul><li>Klasės pavadinimas;</li><li>Kiek išviso reikės pirkti saldainių dėžučių;&nbsp;</li><li>Kokia vienos dėžutės kaina (2 skaičių po kablelio tikslumu);</li><li>Kiek iš viso sumokės pinigų (2 skaičių po kablelio tikslumu).&nbsp;</li></ul><p><strong>Reikalavimai programai</strong></p><ul><li>Reikia sukurti funkciją, kuri skaitytų duomenis.</li><li>Reikia sukurti funkciją, kuri apskaičiuotų kiek mokinių gaus dovanų.</li><li>Reikia sukurti funkciją, kuri gražintų saldainių dėžutės kainą ir visą reikalingą pinigų sumą.</li></ul>]]></description>
    <example><![CDATA[<figure class="table"><table><tbody><tr><td><strong>Duomenys.txt &nbsp; &nbsp; &nbsp; &nbsp; &nbsp; &nbsp; &nbsp; &nbsp; &nbsp; &nbsp; &nbsp; &nbsp; &nbsp; &nbsp; &nbsp;</strong></td><td><strong>&nbsp;Rezultatai.txt &nbsp; &nbsp; &nbsp; &nbsp; &nbsp; &nbsp; &nbsp;&nbsp;</strong></td></tr><tr><td>1C<br>5<br>8.9<br>5 8 9 10 5 8<br>7 8 7 10 7 8 10 9<br>6 8 9 8 9 10 8<br>7 5 8 9 7 10 8 9<br>6 8 9 10 8 7 9</td><td>1C<br>3<br>8.90<br>26.70</td></tr></tbody></table></figure>]]></example>
    <skeleton><![CDATA[#include <iostream>
#include <fstream>
#include <string>
#include <iomanip>
using namespace std;

int main() {

    return 0;
}]]></skeleton>
    <drops><![CDATA[]]></drops>
    <language>lt</language>
    <programming_language>cpp</programming_language>
    <menu_position>top</menu_position>
    <author>Tomas Blažauskas</author>
    <score>80</score>
    <show_title>1</show_title>
    <show_description>1</show_description>
    <show_examples>1</show_examples>
    <show_icons>0</show_icons>
    <small_icons>0</small_icons>
    <use_drops>0</use_drops>
    <use_hints>0</use_hints>
    <use_ai>1</use_ai>
    <use_explanations>1</use_explanations>
    <use_corrections>0</use_corrections>
    <use_reviews>0</use_reviews>
    <hints>
        
    </hints>
    <show_tests>1</show_tests>
    <show_files>1</show_files>
    <files>
        <file filename="Duomenys.txt"><![CDATA[1C
5
8.9
5 8 9 10 5 8
7 8 7 10 7 8 10 9
6 8 9 8 9 10 8
7 5 8 9 7 10 8 9
6 8 9 10 8 7 9]]></file>

    </files>
    <button_new>0</button_new>
    <button_run>1</button_run>
    <button_assess>1</button_assess>
    <button_stop>1</button_stop>
    <button_clear>1</button_clear>
    <button_upload>1</button_upload>
    <button_download>1</button_download>
</task>