<?xml version="1.0" encoding="utf-8"?>
<task id="task_70782890">
    <course>Pitono pamokėlės</course>
    <title>Keltas</title>
    <short>Keltas</short>
    <description><![CDATA[<p>Parašykite programą, kuri suskaičiuotų, kelis kartus keltui teks kelti per upę <strong>k</strong> automobilių, jeigu vienu metu jis gali perkelti <strong>m</strong> automobilių. Keltas kelia tik tada, kai yra pilnas (susidaro <strong>m</strong> automobilių.) Taip pat išveskite neperkeltų automobilių skaičių.&nbsp;</p><figure class="table"><table><tbody><tr><td><strong>Duomenys</strong></td><td><strong>Rezultatai</strong></td></tr><tr><td><p>Keli automobiliai laukia kelto? 45&nbsp;</p><p>Keli automobiliai telpa kelte? 8</p></td><td><p>Kelta kartų: 5</p><p>Neperkelta: 5</p></td></tr></tbody></table></figure>]]></description>
    <example><![CDATA[<p><strong>Įvestis</strong>:</p><p>Keli automobiliai laukia kelto? 45&nbsp;</p><p>Keli automobiliai telpa kelte? 8</p><p><strong>Išvestis</strong>:</p><p>Kelta kartų: 5</p><p>Neperkelta: 5</p>]]></example>
    <skeleton><![CDATA[#include <iostream>
using namespace std;

int main()
{
    // rašykite kodą čia

    return 0;
}]]></skeleton>
    <drops><![CDATA[]]></drops>
    <language>lt</language>
    <programming_language>cpp</programming_language>
    <menu_position>top</menu_position>
    <author>Tomas Blažauskas</author>
    <score>60</score>
    <show_title>1</show_title>
    <show_description>1</show_description>
    <show_examples>1</show_examples>
    <show_icons>0</show_icons>
    <small_icons>0</small_icons>
    <use_drops>0</use_drops>
    <use_hints>0</use_hints>
    <use_ai>1</use_ai>
    <use_explanations>1</use_explanations>
    <use_corrections>0</use_corrections>
    <use_reviews>0</use_reviews>
    <hints>
        
    </hints>
    <show_tests>1</show_tests>
    <show_files>0</show_files>
    <files>
        
    </files>
    <button_new>0</button_new>
    <button_run>1</button_run>
    <button_assess>1</button_assess>
    <button_stop>0</button_stop>
    <button_clear>1</button_clear>
    <button_upload>0</button_upload>
    <button_download>0</button_download>
</task>