<?xml version="1.0" encoding="utf-8"?>
<task id="task_27892291">
    <course>Pitono pamokėlės</course>
    <title>Operacijų seka</title>
    <short>Operacijų seka</short>
    <description><![CDATA[<p>Įvedama skaičiaus (<i>skaicius</i>) reikšmė. Tai gali būti tiek sveikas, tiek racionalus skaičius. Su šiuo skaičiumi atlikite tokias operacijas:</p><ul><li>padidinkite skaičių 5</li><li>padauginkite iš 10</li><li>pakelkite kvadratu</li><li>padalinkite iš 10</li></ul><p>Išveskite gautą rezultatą vieno skaičiaus po kablelio tikslumu.</p>]]></description>
    <example><![CDATA[<p><strong>Įvestis</strong>:</p><p>5</p><p><strong>Išvestis</strong>:</p><p>1000.0</p>]]></example>
    <skeleton><![CDATA[#include <iostream>
using namespace std;

int main()
{
    // rašykite kodą čia

    return 0;
}]]></skeleton>
    <drops><![CDATA[]]></drops>
    <language>lt</language>
    <programming_language>cpp</programming_language>
    <menu_position>top</menu_position>
    <author>Tomas Blažauskas</author>
    <score>60</score>
    <show_title>1</show_title>
    <show_description>1</show_description>
    <show_examples>1</show_examples>
    <show_icons>0</show_icons>
    <small_icons>0</small_icons>
    <use_drops>0</use_drops>
    <use_hints>0</use_hints>
    <use_ai>1</use_ai>
    <use_explanations>1</use_explanations>
    <use_corrections>0</use_corrections>
    <use_reviews>0</use_reviews>
    <hints>
        
    </hints>
    <show_tests>1</show_tests>
    <show_files>0</show_files>
    <files>
        
    </files>
    <button_new>0</button_new>
    <button_run>1</button_run>
    <button_assess>1</button_assess>
    <button_stop>0</button_stop>
    <button_clear>1</button_clear>
    <button_upload>0</button_upload>
    <button_download>0</button_download>
</task>