<?xml version="1.0" encoding="utf-8"?>
<task id="task_6299354">
    <course>Pitono pamokėlės</course>
    <title>Komentavimas</title>
    <short>Komentavimas</short>
    <description><![CDATA[<p>Užduoties aprašymas</p>]]></description>
    <example><![CDATA[<p>Įvesties, išvesties pavyzdžiai</p>]]></example>
    <skeleton><![CDATA[#include <iostream>

using namespace std;

int main() {
    // Tai yra vienos eilutės komentaras
    cout << "Labas, pasauli!" << endl;

    /* Tai yra kelių eilučių komentaras,
       kuris gali būti tęsiamas per
       kelias eilutes. */
    cout << "Šis tekstas spausdinamas po komentaro." << endl;

    return 0;
}]]></skeleton>
    <drops><![CDATA[PHA+PHNwYW4gc3R5bGU9ImNvbG9yOnJnYig3Myw4MCw4Nyk7Ij5FaSEgTGFiYXMhPC9zcGFuPjwvcD4=]]></drops>
    <language>lt</language>
    <programming_language>cpp</programming_language>
    <menu_position>left</menu_position>
    <author>Tomas Blažauskas</author>
    <score>50</score>
    <show_title>0</show_title>
    <show_description>0</show_description>
    <show_examples>0</show_examples>
    <show_icons>1</show_icons>
    <small_icons>1</small_icons>
    <use_drops>1</use_drops>
    <use_hints>0</use_hints>
    <use_ai>0</use_ai>
    <use_explanations>0</use_explanations>
    <use_corrections>0</use_corrections>
    <use_reviews>0</use_reviews>
    <hints>
        
    </hints>
    <show_tests>0</show_tests>
    <show_files>0</show_files>
    <files>
        
    </files>
    <button_new>0</button_new>
    <button_run>1</button_run>
    <button_assess>0</button_assess>
    <button_stop>0</button_stop>
    <button_clear>0</button_clear>
    <button_upload>0</button_upload>
    <button_download>0</button_download>
</task>