<?xml version="1.0" encoding="utf-8"?>
<task id="task_1076923">
    <course>Pitono pamokėlės</course>
    <title>Degtukai</title>
    <short>Degtukai</short>
    <description><![CDATA[<p>Yra duota krūva degtukų. Parašykite programą, kuri nustatytų, ar iš tų degtukų galima sudėti bent vieną iš šių figūrų: lygiakraštį trikampį, kvadratą ar stačiakampį. Dėliojamai figūrai turi būti panaudoti visi degtukai; be to, degtukų laužyti negalima.&nbsp;</p><p>Pavyzdžiai:</p><figure class="table"><table><tbody><tr><td><strong>Testo nr.</strong></td><td><strong>Degtukų kiekis</strong></td><td><strong>Rezultatas</strong></td><td><strong>Paaiškinimai</strong></td></tr><tr><td>1</td><td>1</td><td>Negalima</td><td>Per mažai degtukų&nbsp;</td></tr><tr><td>2</td><td>2</td><td>Negalima</td><td>Per mažai degtukų</td></tr><tr><td>3</td><td>3</td><td>Galima</td><td>Galima sudėti lygiakraštį trikampį&nbsp;</td></tr><tr><td>4</td><td>12</td><td>Galima</td><td>Galima sudėti visas figūras&nbsp;</td></tr><tr><td>5</td><td>15</td><td>Galima</td><td>Galima sudėti tik trikampį&nbsp;</td></tr><tr><td>6</td><td>16</td><td>Galima</td><td>Galima sudėti kvadratą ir stačiakampį&nbsp;</td></tr><tr><td>7</td><td>35</td><td>Negalima</td><td>Negalima sudėti nė vienos figūros</td></tr></tbody></table></figure>]]></description>
    <example><![CDATA[<p><strong>Įvestis</strong>:</p><p>Įveskite degtukų kiekį: 12</p><p><strong>Išvestis</strong>:</p><p>Galima</p>]]></example>
    <skeleton><![CDATA[#include <iostream>
using namespace std;

int main()
{
    // rašykite kodą čia

    return 0;
}]]></skeleton>
    <drops><![CDATA[]]></drops>
    <language>lt</language>
    <programming_language>cpp</programming_language>
    <menu_position>top</menu_position>
    <author>Tomas Blažauskas</author>
    <score>60</score>
    <show_title>1</show_title>
    <show_description>1</show_description>
    <show_examples>1</show_examples>
    <show_icons>0</show_icons>
    <small_icons>0</small_icons>
    <use_drops>0</use_drops>
    <use_hints>0</use_hints>
    <use_ai>1</use_ai>
    <use_explanations>1</use_explanations>
    <use_corrections>0</use_corrections>
    <use_reviews>0</use_reviews>
    <hints>
        
    </hints>
    <show_tests>1</show_tests>
    <show_files>0</show_files>
    <files>
        
    </files>
    <button_new>0</button_new>
    <button_run>1</button_run>
    <button_assess>1</button_assess>
    <button_stop>0</button_stop>
    <button_clear>1</button_clear>
    <button_upload>1</button_upload>
    <button_download>1</button_download>
</task>