<?xml version="1.0" encoding="utf-8"?>
<task id="task_87025873">
    <course>Cpp kursas 1</course>
    <title>Skaitmenimis</title>
    <short>Skaitmenimis</short>
    <description><![CDATA[<p>Užduoties aprašymas</p>]]></description>
    <example><![CDATA[<p>Įvesties, išvesties pavyzdžiai</p>]]></example>
    <skeleton><![CDATA[//Jono kelias
#include <iostream>
using namespace std;

int main () {
    int k;
    cout << "Kuri kelia pasirinko Jonas? Iveskite kelio numeri nuo 1 iki 4: ";
    cin >> k;
    if (k == 1) cout <<"Jono laukia neizengiama giria" << endl;
    else if (k == 2) cout << "Jono laukia kautynes su piktomis raganomis" << endl;
    else if (k == 3) cout << "Jono laukia tiesus kelias pas karalaite" << endl;
    else if (k == 4) cout << "Jono laukia kautynes su piktuoju slibinu" << endl;
    else cout << "Tokio kelio nera" << endl;
    return 0;
} ]]></skeleton>
    <drops><![CDATA[]]></drops>
    <language>lt</language>
    <programming_language>cpp</programming_language>
    <menu_position>left</menu_position>
    <author>Tomas Blažauskas</author>
    <score>50</score>
    <show_title>0</show_title>
    <show_description>0</show_description>
    <show_examples>0</show_examples>
    <show_icons>1</show_icons>
    <small_icons>1</small_icons>
    <use_drops>0</use_drops>
    <use_hints>0</use_hints>
    <use_ai>0</use_ai>
    <use_explanations>0</use_explanations>
    <use_corrections>0</use_corrections>
    <use_reviews>0</use_reviews>
    <hints>
        
    </hints>
    <show_tests>0</show_tests>
    <show_files>0</show_files>
    <files>
        
    </files>
    <button_new>0</button_new>
    <button_run>1</button_run>
    <button_assess>0</button_assess>
    <button_stop>0</button_stop>
    <button_clear>0</button_clear>
    <button_upload>0</button_upload>
    <button_download>0</button_download>
</task>