<?xml version="1.0" encoding="utf-8"?>
<task id="task_55535425">
    <course>Pitono pamokėlės</course>
    <title>Autobusas</title>
    <short>Autobusas</short>
    <description><![CDATA[<p>Norint nueiti nuo miesto autobuso sustojimo iki autobusų stoties vidutiniškai reikia <i>t1</i> minučių. Nubėgti iki stoties ir spėti į autobusą galima per <i>t2</i> minučių. Parašykite programą, kuri nustatytų, ar iš miesto autobuso išlipęs keleivis spės nueiti arba nubėgti į autobusą, išvykstantį po <i>t</i> minučių.</p><p><i>Pasitikrinkite</i>: kai t1 = 2, t2 = 1, t = 5, tuomet <strong>keleivis spės nueiti į autobusą</strong>; kai t1 = 5, t2 = 2, t = 3, tuomet <strong>keleivis spės nubėgti į autobusą</strong>; kai t1 = 3, t2 = 2, t = 1, tuomet <strong>keleivis nespės į autobusą</strong>.&nbsp;</p>]]></description>
    <example><![CDATA[<p><strong>Įvestis</strong>:</p><p>Įveskite t1: 2<br>Įveskite t2: 1<br>Įveskite t: 5</p><p><strong>Išvestis</strong>:</p><p>Keleivis spės nueiti į autobusą.</p>]]></example>
    <skeleton><![CDATA[#include <iostream>
using namespace std;

int main()
{
    // rašykite kodą čia

    return 0;
}]]></skeleton>
    <drops><![CDATA[]]></drops>
    <language>lt</language>
    <programming_language>cpp</programming_language>
    <menu_position>top</menu_position>
    <author>Tomas Blažauskas</author>
    <score>60</score>
    <show_title>1</show_title>
    <show_description>1</show_description>
    <show_examples>1</show_examples>
    <show_icons>0</show_icons>
    <small_icons>0</small_icons>
    <use_drops>0</use_drops>
    <use_hints>0</use_hints>
    <use_ai>1</use_ai>
    <use_explanations>1</use_explanations>
    <use_corrections>0</use_corrections>
    <use_reviews>0</use_reviews>
    <hints>
        
    </hints>
    <show_tests>1</show_tests>
    <show_files>0</show_files>
    <files>
        
    </files>
    <button_new>0</button_new>
    <button_run>1</button_run>
    <button_assess>1</button_assess>
    <button_stop>0</button_stop>
    <button_clear>1</button_clear>
    <button_upload>1</button_upload>
    <button_download>1</button_download>
</task>