<?xml version="1.0" encoding="utf-8"?>
<task id="task_64237849">
    <course>Pitono pamokėlės</course>
    <title>Daliklių kiekiai</title>
    <short>Daliklių kiekiai</short>
    <description><![CDATA[<p>Parašykite programą, kuri ekrane atspausdintų visų skaičių nuo 2 iki n daliklių, mažesnių už patį skaičių, kiekius.<br>Pavyzdžiui, kai n=6, tai atsakymas bus: 2 - 1 (nes dalinasi tik iš 1); 3 - 1 (nes dalinasi tik iš 1); 4 - 2 (nes dalinasi iš 1 ir 2); 5 - 1 (nes dalinasi tik iš 1); 6 - 3 (nes dalinasi iš 1, 2 ir 3).</p>]]></description>
    <example><![CDATA[<p><strong>Įvestis</strong>:</p><p>6</p><p><strong>Išvestis</strong>:</p><p>2 - 1<br>3 - 1<br>4 - 2<br>5 - 1<br>6 - 3</p>]]></example>
    <skeleton><![CDATA[#include <iostream>
using namespace std;

int main()
{

    return 0;
}]]></skeleton>
    <drops><![CDATA[]]></drops>
    <language>lt</language>
    <programming_language>cpp</programming_language>
    <menu_position>top</menu_position>
    <author>Tomas Blažauskas</author>
    <score>60</score>
    <show_title>1</show_title>
    <show_description>1</show_description>
    <show_examples>1</show_examples>
    <show_icons>0</show_icons>
    <small_icons>0</small_icons>
    <use_drops>0</use_drops>
    <use_hints>0</use_hints>
    <use_ai>1</use_ai>
    <use_explanations>1</use_explanations>
    <use_corrections>0</use_corrections>
    <use_reviews>0</use_reviews>
    <hints>
        
    </hints>
    <show_tests>1</show_tests>
    <show_files>0</show_files>
    <files>
        
    </files>
    <button_new>0</button_new>
    <button_run>1</button_run>
    <button_assess>1</button_assess>
    <button_stop>1</button_stop>
    <button_clear>1</button_clear>
    <button_upload>1</button_upload>
    <button_download>1</button_download>
</task>