<?xml version="1.0" encoding="utf-8"?>
<task id="task_91407955">
    <course>Pitono kursas 2</course>
    <title>Vėlavimas į pamoką</title>
    <short>Vėlavimas į pamoką</short>
    <description><![CDATA[<p>Informatikos mokytoja labai pyksta, jei mokiniai vėluoja į pamokas. Ji toleruoja ne daugiau kaip <strong>mv </strong>minučių vėlavimą. Tai reiškia, kad pavėlavus ne daugiau nei mv minučių, mokytoja tai neskaito vėlavimu. Pamoka prasideda, kai laikrodis rodo <strong>v</strong> valandą, <strong>m</strong> minučių.&nbsp;</p><p>Mokytoja pradinių duomenų faile <strong>velavimas.txt</strong> surašė duomenis, kuriuos reikės apdoroti. Pirmoje pradinių duomenų failo eilutėje įrašyti trys sveikieji skaičiai: kelių minučių <strong>mv</strong> vėlavimą toleruoja mokytoja, pamokos pradžios valanda <strong>v</strong> ir minutė <strong>m</strong>. Tolesnėse eilutėse surašyta informacija apie kiekvieną mokinį: vardas ir mokinio atėjimo į klasę laikas (valanda ir minutė, sveikieji skaičiai).&nbsp;</p><p>Parenkite programą, kuri į rezultatų failą <strong>velavimas_res.txt</strong> surašytų rezultatus taip, kaip pateikta pavyzdyje (nurodomas mokinio vardas ir keliomis minutėmis anksčiau/vėliau mokinys atėjo į kabinetą. Jei mokinys atėjo anksčiau – teigiamas skaičius, jei vėliau – neigiamas, jei su skambučiu – nulis). Jei vėluojančių (arba nevėluojančių) mokinių nėra, tuomet rezultatų faile turi būti įrašyta „Vėluojančių nėra“ („Nevėluojančių nėra“).</p><p><strong>Reikalavimai programai</strong></p><ul><li>Naudokite masyvus.</li><li>Sukurkite duomenų skaitymo funkciją <strong>skaityti_duomenis</strong>.</li><li>Sukurti funkciją, kuri skaičiuotų, keliomis minutėmis per anksti (arba per vėlai) mokinys atėjo į kabinetą.</li><li>Sukurti funkcija <strong>tikrinti_velavima</strong>, kuri nustato, ar mokinys neviršijo leistino vėlavimo laiko.</li><li>Sukurti funkciją <strong>skaiciuoti_vidurki</strong>, skaičiuojanti vidutinį mokinio atėjimo anksčiau (vėlavimo) laiką. Turi būti 2 kreipiniai į funkciją: skaičiuojant vidutinį nevėluojančių ir vėluojančių laiką.Vidutinis atėjimo anksčiau (vėlavimo) laikas išvedamas vieno skaitmens po kablelio tikslumu.</li><li>Sukurti rezultatų saugojimo faile funkciją.</li><li>Pasipraktikavimui - pirmą kartą atidarykite failą rašymo režime ir įrašykite nevėluojančių mokinių informaciją; antrą kartą atidarykite rezultatų failą papildymo režime ir jį papildykite vėluojančių mokinių informacija.&nbsp;</li></ul>]]></description>
    <example><![CDATA[<figure class="table"><table><tbody><tr><td><strong>velavimas.txt &nbsp;&nbsp;</strong></td><td><strong>velavimas_res.txt&nbsp;</strong></td></tr><tr><td>5 12 15<br>Adomas 12 5<br>Erika 12 15<br>Dominykas 12 23<br>Paulius 12 18<br>Marius 11 57<br>Laurynas 12 0<br>Gytis 12 22&nbsp;</td><td>Nevėlavo 5 mokiniai:<br>Adomas 10<br>Erika 0<br>Paulius -3<br>Marius 18<br>Laurynas 15<br>Vidutiniškai atėjo anksčiau, min: 8.0<br>Pavėlavo 2 mokiniai:<br>Dominykas -8<br>Gytis -7<br>Vidutiniškai vėlavo, min: 7.5&nbsp;</td></tr></tbody></table></figure>]]></example>
    <skeleton><![CDATA[#include <iostream>
#include <fstream>
#include <string>
#include <iomanip>
using namespace std;

int main() {

    return 0;
}]]></skeleton>
    <drops><![CDATA[]]></drops>
    <language>lt</language>
    <programming_language>cpp</programming_language>
    <menu_position>top</menu_position>
    <author>Tomas Blažauskas</author>
    <score>70</score>
    <show_title>1</show_title>
    <show_description>1</show_description>
    <show_examples>1</show_examples>
    <show_icons>0</show_icons>
    <small_icons>0</small_icons>
    <use_drops>0</use_drops>
    <use_hints>0</use_hints>
    <use_ai>1</use_ai>
    <use_explanations>1</use_explanations>
    <use_corrections>0</use_corrections>
    <use_reviews>0</use_reviews>
    <hints>
        
    </hints>
    <show_tests>1</show_tests>
    <show_files>1</show_files>
    <files>
        <file filename="velavimas.txt"><![CDATA[5 12 15
Adomas 12 5
Erika 12 15
Dominykas 12 23
Paulius 12 18
Marius 11 57
Laurynas 12 0
Gytis 12 22]]></file>

    </files>
    <button_new>0</button_new>
    <button_run>1</button_run>
    <button_assess>1</button_assess>
    <button_stop>1</button_stop>
    <button_clear>1</button_clear>
    <button_upload>1</button_upload>
    <button_download>1</button_download>
</task>