<?xml version="1.0" encoding="utf-8"?>
<task id="task_57177463">
    <course>Pitono pamokėlės</course>
    <title>Melaginga žinia</title>
    <short>Melaginga žinia</short>
    <description><![CDATA[<p>Vienas garsus Lietuvos pramogų pasaulio atstovas per kito garsaus pramogų atstovo vestuves klaidingai informavo policiją apie užminuotą pokylio vietą. Teismas paskyrė sumokėti <strong>k</strong> litų baudą. Kaltininkas baudą sumokėjo <strong>1</strong> cento monetomis. Ar tilps monetos į <strong>t</strong> tonų pavežančią lengvosios mašinos priekabą? Jei taip, tuomet ekrane turi būti rodomas pranešimas – „<strong>Monetos į mašinos priekabą tilps</strong>“, jei ne – „<strong>Monetos į mašinos priekabą netilps</strong>“. Viena 1 cento moneta sveria 0,83 gramo.&nbsp;</p><p><i>Pasitikrinkite</i>: kai <strong>k = 15000</strong>, <strong>t = 1</strong>, kompiuterio ekrane turi būti rodomas rezultatas: „<strong>Monetos į mašinos priekabą netilps</strong>“. Kai <strong>k = 15000</strong>, <strong>t = 1.5</strong>, kompiuterio ekrane turi būti rodomas rezultatas: „<strong>Monetos į mašinos priekabą tilps</strong>“.</p>]]></description>
    <example><![CDATA[<p><strong>Įvestis</strong>:</p><p>Kiek baudos skyrė teismas (tūkst. lt.)? 15000</p><p>Kiek tonų talpina priekaba? 1</p><p><strong>Išvestis</strong>:</p><p>Monetos į mašinos priekabą netilps</p>]]></example>
    <skeleton><![CDATA[#include <iostream>
using namespace std;

int main()
{
    // rašykite kodą čia

    return 0;
}]]></skeleton>
    <drops><![CDATA[]]></drops>
    <language>lt</language>
    <programming_language>cpp</programming_language>
    <menu_position>top</menu_position>
    <author>Tomas Blažauskas</author>
    <score>60</score>
    <show_title>1</show_title>
    <show_description>1</show_description>
    <show_examples>1</show_examples>
    <show_icons>0</show_icons>
    <small_icons>0</small_icons>
    <use_drops>0</use_drops>
    <use_hints>0</use_hints>
    <use_ai>1</use_ai>
    <use_explanations>1</use_explanations>
    <use_corrections>0</use_corrections>
    <use_reviews>0</use_reviews>
    <hints>
        
    </hints>
    <show_tests>1</show_tests>
    <show_files>0</show_files>
    <files>
        
    </files>
    <button_new>0</button_new>
    <button_run>1</button_run>
    <button_assess>1</button_assess>
    <button_stop>0</button_stop>
    <button_clear>1</button_clear>
    <button_upload>1</button_upload>
    <button_download>1</button_download>
</task>