<?xml version="1.0" encoding="UTF-8"?>
<lom xmlns="http://ltsc.ieee.org/xsd/LOM" xmlns:xsi="http://www.w3.org/2001/XMLSchema-instance" xsi:schemaLocation="http://ltsc.ieee.org/xsd/LOM lomCustom.xsd">
	<general uniqueElementName="general">
		<identifier>
			<catalog uniqueElementName="catalog">Pitono kursas 2</catalog>
			<entry uniqueElementName="entry">4a7d755e-34a5-410a-a7d4</entry>
		</identifier>
		<title>
			<string language="en">Gyventojai</string>
		</title>
		<language>en</language>
		<description>
			<string language="en"><p>Pirmoje pradinių duomenų faile <strong>gyventojai_data.txt</strong> yra surašyti gatvės namų duomenys. Kiekvienoje eilutėje yra du tarpais atskirti sveikieji skaičiai: namo numeris ir gyventojų tame name skaičius. Namai, kurių numeriai lyginiai, stovi dešiniojoje, o kurių nelyginiai – kairiojoje gatvės pusėje.&nbsp;</p><p>Parenkite programą, kuri apskaičiuotų ir į rezultatų failą <strong>gyventojai_res.txt</strong> įrašytų:</p><ul><li>kiek gyventojų iš viso gyvena gatvėje;</li><li>kiek gyventojų gyvena kairiojoje gatvės pusėje ir kiek – dešiniojoje;</li><li>kiek vidutiniškai gyventojų gyvena kiekviename name, esančiame kairiojoje gatvės pusėje, ir kiek – dešiniojoje.&nbsp;</li></ul><p><strong>Reikalavimai programai</strong>&nbsp;</p><ul><li>Naudokite sveikųjų skaičių masyvus.</li><li>Sukurkite pradinių duomenų skaitymo funkciją.</li><li>Vidurkius išveskite vieno skaičiaus po kablelio tikslumu.</li><li>Sukurkite gyventojų skaičių surandančią funkciją. Į šią funkciją reikia kreiptis 3 kartus:<ul><li>skaičiuojant kiek gyventojų gyvena visoje gatvėje,</li><li>skaičiuojant kiek gyvena kairėje gatvės pusėje ir</li><li>skaičiuojant kiek gyvena dešinėje gatvės pusėje.</li></ul></li></ul></string>
		</description>
		<aggregationLevel uniqueElementName="aggregationLevel">
			<source uniqueElementName="source">LOM-ESv1.0</source>
			<value uniqueElementName="value">2</value>
		</aggregationLevel>
	</general>
	<lifeCycle>
		<contribute>
			<role uniqueElementName="role">
				<source uniqueElementName="source">LOM-ESv1.0</source>
				<value uniqueElementName="value">author</value>
			</role>
			<entity>BEGIN:VCARD VERSION:3.0 FN:Tomas Blažauskas EMAIL;TYPE=INTERNET: ORG: END:VCARD</entity>
			<date>
				<dateTime uniqueElementName="dateTime">2021-01-07T16:49:22.00+02:00</dateTime>
				<description>
					<string language="lt">Metadata creation date</string>
				</description>
			</date>
		</contribute>
	</lifeCycle>
	<metaMetadata uniqueElementName="metaMetadata">
		<contribute>
			<role uniqueElementName="role">
				<source uniqueElementName="source">LOM-ESv1.0</source>
				<value uniqueElementName="value">creator</value>
			</role>
			<entity>BEGIN:VCARD VERSION:3.0 FN:Tomas Blažauskas EMAIL;TYPE=INTERNET: ORG: END:VCARD</entity>
			<date>
				<dateTime uniqueElementName="dateTime">2021-01-07T16:48:12.00+02:00</dateTime>
				<description>
					<string language="en">Metadata creation date</string>
				</description>
			</date>
		</contribute>
		<metadataSchema>LOM-ESv1.0</metadataSchema>
		<language>en</language>
	</metaMetadata>
	<technical uniqueElementName="technical">
		<otherPlatformRequirements>
			<string language="en">editor: hands</string>
		</otherPlatformRequirements>
	</technical>
	<educational>
		<intendedEndUserRole>
			<source uniqueElementName="source">LOM-ESv1.0</source>
			<value uniqueElementName="value">learner</value>
		</intendedEndUserRole>
		<context>
			<source uniqueElementName="source">LOM-ESv1.0</source>
			<value uniqueElementName="value">presencial</value>
		</context>
		<context>
			<source uniqueElementName="source">LOM-ESv1.0</source>
			<value uniqueElementName="value">classroom</value>
		</context>
		<language>en</language>
	</educational>
	<rights uniqueElementName="rights">
		<copyrightAndOtherRestrictions uniqueElementName="copyrightAndOtherRestrictions">
			<source uniqueElementName="source">LOM-ESv1.0</source>
			<value uniqueElementName="value">public domain</value>
		</copyrightAndOtherRestrictions>
		<access uniqueElementName="access">
			<accessType uniqueElementName="accessType">
				<source uniqueElementName="source">LOM-ESv1.0</source>
				<value uniqueElementName="value">universal</value>
			</accessType>
			<description>
				<string language="lt">Default</string>
			</description>
		</access>
	</rights>
</lom>