<?xml version="1.0" encoding="utf-8"?>
<task id="task_12980675">
    <course>Pitono pamokėlės 2</course>
    <title>Dėžės</title>
    <short>Dėžės</short>
    <description><![CDATA[<p>Pranas neturėjo skaičiuotuvo ir pusę vasaros skaičiavo mintinai, tačiau darbe buvo nupirktas kompiuteris, kuris palengvintų jo darbą, tačiau jame nėra jokios programos, kuri padėtų, tad jis paprašė jūsų pagalbos. Jam reikia suskaičiuoti vidutinį dėžės svorį, surasti sunkiausią dėžę ir lengviausią dėžę, taip pat pasakyti, ar ją paveš keltuvas.</p><p>Failo <strong>Duomenys.txt</strong> pirmoje eilutėje yra pateikti dėžių svoriai (realieji skaičiai), o antroje eilutėje &nbsp;– keltuvo keliamoji galia (realusis skaičius).</p><p>Faile <strong>Rezultatai.txt</strong> reikia išvesti svorio vidurkį (2 skaičiai po kablelio), sunkiausios dėžės numerį, lengviausios dėžės numerį. Paskutinėje eilutėje reikia atspausdinti "<strong>Ne</strong>", jei keltuvas nepaveš, arba "<strong>Taip</strong>", jei galės pavežti. &nbsp;</p><p><strong>Reikalavimai programai</strong></p><ul><li>Naudokite sąrašus/masyvus.</li><li>Naudokite funkcijas programos struktūrizavimui.</li></ul>]]></description>
    <example><![CDATA[<figure class="table"><table><tbody><tr><td><strong>Duomenys.txt &nbsp; &nbsp; &nbsp; &nbsp; &nbsp; &nbsp; &nbsp; &nbsp; &nbsp; &nbsp; &nbsp; &nbsp; &nbsp; &nbsp; &nbsp;</strong></td><td><strong>&nbsp;Rezultatai.txt &nbsp; &nbsp; &nbsp; &nbsp; &nbsp; &nbsp; &nbsp;&nbsp;</strong></td></tr><tr><td>10.2 11.5 20.65<br>20</td><td>14.12<br>3<br>1<br>Ne&nbsp;</td></tr></tbody></table></figure>]]></example>
    <skeleton><![CDATA[#include <iostream>
#include <fstream>
#include <string>
#include <iomanip>
using namespace std;

int main() {

    return 0;
}]]></skeleton>
    <drops><![CDATA[]]></drops>
    <language>lt</language>
    <programming_language>cpp</programming_language>
    <menu_position>top</menu_position>
    <author>Tomas Blažauskas</author>
    <score>80</score>
    <show_title>1</show_title>
    <show_description>1</show_description>
    <show_examples>1</show_examples>
    <show_icons>0</show_icons>
    <small_icons>0</small_icons>
    <use_drops>0</use_drops>
    <use_hints>0</use_hints>
    <use_ai>1</use_ai>
    <use_explanations>1</use_explanations>
    <use_corrections>0</use_corrections>
    <use_reviews>0</use_reviews>
    <hints>
        
    </hints>
    <show_tests>1</show_tests>
    <show_files>1</show_files>
    <files>
        <file filename="Duomenys.txt"><![CDATA[10.2 11.5 20.65
20]]></file>

    </files>
    <button_new>0</button_new>
    <button_run>1</button_run>
    <button_assess>1</button_assess>
    <button_stop>1</button_stop>
    <button_clear>1</button_clear>
    <button_upload>1</button_upload>
    <button_download>1</button_download>
</task>