<?xml version="1.0" encoding="utf-8"?>
<task id="task_33226268">
    <course>Pitono pamokėlės</course>
    <title>Labas, pasauli!</title>
    <short>Labas, pasauli!</short>
    <description><![CDATA[<p>Pati pirmoji programa yra ta, kuri išeda į ekraną pasveikinimą pasauliui.</p><p>Tai yra, atspausdina “Labas, pasauli!”</p>]]></description>
    <example><![CDATA[<p>Įvesties nėra!</p><p><strong>Išvestis</strong>:</p><p>Labas, pasauli!</p>]]></example>
    <skeleton><![CDATA[// Šiek tiek kodo naudojamo įtraukti reikiamas bibliotekas
#include <iostream>
using namespace std;
// Pagrindinė programos dalis (main funkcija)
int main() {
    // Toliau rašykite savo kodą

    // Toliau nieko keisti nereikia
	return 0;
}]]></skeleton>
    <drops><![CDATA[]]></drops>
    <language>lt</language>
    <programming_language>cpp</programming_language>
    <menu_position>top</menu_position>
    <author>Tomas Blažauskas</author>
    <score>100</score>
    <show_title>1</show_title>
    <show_description>1</show_description>
    <show_examples>1</show_examples>
    <show_icons>0</show_icons>
    <small_icons>0</small_icons>
    <use_drops>0</use_drops>
    <use_hints>1</use_hints>
    <use_ai>1</use_ai>
    <use_explanations>1</use_explanations>
    <use_corrections>0</use_corrections>
    <use_reviews>0</use_reviews>
    <hints>
        <hint><![CDATA[Teksto išvedimui naudojama komanda cout]]></hint>
<hint><![CDATA[Komandos naudojimo pavyzdys: cout << ]]></hint>
<hint><![CDATA[Panaudokite 2 užduominoje esantį kodą pakeisdami kabutėse esantį tekstą į Labas, pasauli!]]></hint>

    </hints>
    <show_tests>1</show_tests>
    <show_files>0</show_files>
    <files>
        
    </files>
    <button_new>0</button_new>
    <button_run>1</button_run>
    <button_assess>1</button_assess>
    <button_stop>0</button_stop>
    <button_clear>0</button_clear>
    <button_upload>0</button_upload>
    <button_download>0</button_download>
</task>