<?xml version="1.0" encoding="utf-8"?>
<task id="task_30967828">
    <course>Pitono mokymai</course>
    <title>Dvispalvis šviesoforas</title>
    <short>Šviesoforas</short>
    <description><![CDATA[<p>Šviesoforas veikia pagal tokį algoritmą:&nbsp;kiekvienos valandos pirmąsias <strong>tris minutes</strong> dega <strong>žalia šviesa</strong>,&nbsp;po to <strong>dvi minutes</strong> – <strong>raudona</strong>, po to <strong>vėl tris minutes žalia</strong> ir t. t.&nbsp;Penkių pirmų minučių veikimas atrodo taip:</p><ol><li><i>Dega žalia šviesa</i></li><li><i>Dega žalia šviesa</i></li><li><i>Dega žalia šviesa, tuoj užsidegs raudona</i></li><li><i>Dega raudona šviesa</i></li><li><i>Dega raudona šviesa, tuoj užsidegs žalia</i></li></ol><p>Žinoma, kiek minučių praėjo nuo valandos pradžios.&nbsp;Parašykite programą, kuri nustatytų, kokia šviesa dega.</p>]]></description>
    <example><![CDATA[<p><strong>Įvestis:</strong> <i>12</i><br><strong>Išvestis: </strong><i>Dega žalia šviesa</i></p><p><strong>Įvestis:</strong> <i>13</i><br><strong>Išvestis: </strong><i>Dega žalia šviesa, tuoj užsidegs raudona</i></p><p><strong>Įvestis:</strong> <i>5</i><br><strong>Išvestis: </strong><i>Dega raudona šviesa, tuoj užsidegs žalia</i></p>]]></example>
    <skeleton><![CDATA[#include <iostream>
using namespace std;

int main()
{
    // rašykite kodą čia

    return 0;
}]]></skeleton>
    <drops><![CDATA[]]></drops>
    <language>lt</language>
    <programming_language>cpp</programming_language>
    <menu_position>top</menu_position>
    <author>Eimutis Kartus</author>
    <score>60</score>
    <show_title>1</show_title>
    <show_description>1</show_description>
    <show_examples>1</show_examples>
    <show_icons>0</show_icons>
    <small_icons>0</small_icons>
    <use_drops>0</use_drops>
    <use_hints>0</use_hints>
    <use_ai>1</use_ai>
    <use_explanations>1</use_explanations>
    <use_corrections>0</use_corrections>
    <use_reviews>0</use_reviews>
    <hints>
        
    </hints>
    <show_tests>1</show_tests>
    <show_files>0</show_files>
    <files>
        
    </files>
    <button_new>0</button_new>
    <button_run>1</button_run>
    <button_assess>1</button_assess>
    <button_stop>0</button_stop>
    <button_clear>1</button_clear>
    <button_upload>1</button_upload>
    <button_download>1</button_download>
</task>