<?xml version="1.0" encoding="utf-8"?>
<task id="task_15415231">
    <course>Pitono pamokėlės</course>
    <title>Skaitmenų sumos</title>
    <short>Skaitmenų sumos</short>
    <description><![CDATA[<p>Parašykite programą, kuri ekrane atspausdintų visų duoto intervalo skaičių [n; m] skaitmenų sumas.</p>]]></description>
    <example><![CDATA[<p><strong>Įvestis</strong>:</p><p>Įveskite intervalo pradžią n: 10<br>Įveskite intervalo pabaigą m: 15</p><p><strong>Išvestis</strong>:</p><p>Skaičiaus 10 skaitmenų suma: 1<br>Skaičiaus 11 skaitmenų suma: 2<br>Skaičiaus 12 skaitmenų suma: 3<br>Skaičiaus 13 skaitmenų suma: 4<br>Skaičiaus 14 skaitmenų suma: 5<br>Skaičiaus 15 skaitmenų suma: 6</p>]]></example>
    <skeleton><![CDATA[#include <iostream>
using namespace std;

int main()
{

    return 0;
}]]></skeleton>
    <drops><![CDATA[]]></drops>
    <language>lt</language>
    <programming_language>cpp</programming_language>
    <menu_position>top</menu_position>
    <author>Tomas Blažauskas</author>
    <score>60</score>
    <show_title>1</show_title>
    <show_description>1</show_description>
    <show_examples>1</show_examples>
    <show_icons>0</show_icons>
    <small_icons>0</small_icons>
    <use_drops>0</use_drops>
    <use_hints>0</use_hints>
    <use_ai>1</use_ai>
    <use_explanations>1</use_explanations>
    <use_corrections>0</use_corrections>
    <use_reviews>0</use_reviews>
    <hints>
        
    </hints>
    <show_tests>1</show_tests>
    <show_files>0</show_files>
    <files>
        
    </files>
    <button_new>0</button_new>
    <button_run>1</button_run>
    <button_assess>1</button_assess>
    <button_stop>1</button_stop>
    <button_clear>1</button_clear>
    <button_upload>1</button_upload>
    <button_download>1</button_download>
</task>