<?xml version="1.0" encoding="utf-8"?>
<task id="task_24308409">
    <course>Pitono pamokėlės</course>
    <title>Prekės</title>
    <short>Prekės</short>
    <description><![CDATA[<p>Pirkėjas išsirinktas prekes išdėstė kainų didėjimo tvarka. Pirmoji prekė kainuoja <strong>p</strong> eurų. Kiekviena kita prekė už prieš ją esančią brangesnė <strong>k</strong> eurų. Parašykite programą, kuri apskaičiuotų, kiek prekių <strong>n</strong> galės nusipirkti pirkėjas, jei turi <strong>s</strong> eurų. Visi duomenys yra sveikojo tipo. Pasitikrinkite: kai <strong>p = 17</strong>, <strong>k = 3</strong>, <strong>s = 65</strong>, tuomet kompiuterio ekrane turi būti rodoma: <strong>Pirkėjas galės nusipirkti 3 p.</strong></p>]]></description>
    <example><![CDATA[<p><strong>Įvestis</strong>:</p><p>Įveskite p: 17<br>Įveskite k: 3<br>Įveskite s: 65</p><p><strong>Išvestis</strong>:</p><p>Pirkėjas galės nusipirkti 3 p.</p>]]></example>
    <skeleton><![CDATA[#include <iostream>
using namespace std;

int main()
{

    return 0;
}]]></skeleton>
    <drops><![CDATA[]]></drops>
    <language>lt</language>
    <programming_language>cpp</programming_language>
    <menu_position>top</menu_position>
    <author>Tomas Blažauskas</author>
    <score>60</score>
    <show_title>1</show_title>
    <show_description>1</show_description>
    <show_examples>1</show_examples>
    <show_icons>0</show_icons>
    <small_icons>0</small_icons>
    <use_drops>0</use_drops>
    <use_hints>1</use_hints>
    <use_ai>1</use_ai>
    <use_explanations>1</use_explanations>
    <use_corrections>0</use_corrections>
    <use_reviews>0</use_reviews>
    <hints>
        <hint><![CDATA[Atsiminkite, kad kiekviena prekė kainuoja vis daugiau, o ne tuo pačiu kiekiu!]]></hint>

    </hints>
    <show_tests>1</show_tests>
    <show_files>0</show_files>
    <files>
        
    </files>
    <button_new>0</button_new>
    <button_run>1</button_run>
    <button_assess>1</button_assess>
    <button_stop>1</button_stop>
    <button_clear>1</button_clear>
    <button_upload>1</button_upload>
    <button_download>1</button_download>
</task>