<?xml version="1.0" encoding="utf-8"?>
<task id="task_37639801">
    <course>Pitono pamokėlės</course>
    <title>Paskola</title>
    <short>Paskola</short>
    <description><![CDATA[<p>Bankas suteikia paskolą tokiu atveju, kai pajamos vienam šeimos nariui yra ne mažesnės kaip <strong>s</strong> eurų per mėnesį, ir dar lieka <strong>k</strong> eurų paskolai mokėti. Šeimą sudaro <strong>n</strong> asmenų. Tėvo atlyginimas yra <strong>t</strong>, motinos – <strong>m</strong> eurų per mėnesį.&nbsp;</p><p>Parašykite programą, kuri ekrane parodytų pranešimą „Bankas suteiks paskolą“, jei šeima tenkina sąlygas, reikalingas paskolai gauti, arba „Bankas paskolos nesuteiks“, jei šeima netenkina sąlygų, reikalingų paskolai gauti.<br><i>Pasitikrinkite</i>:&nbsp;</p><ul><li>kai <strong>s = 1000</strong>, <strong>k = 600</strong>, <strong>n = 4</strong>, <strong>t = 3000</strong>, <strong>m = 2000</strong>, ekrane turi būti rodomas pranešimas „<strong>Bankas suteiks paskolą</strong>“;</li><li>kai <strong>s = 1000</strong>, <strong>k = 600</strong>, <strong>n = 4</strong>, <strong>t = 2000</strong>, <strong>m = 1000</strong>, ekrane turi būti rodomas pranešimas „<strong>Bankas paskolos nesuteiks</strong>“.</li></ul>]]></description>
    <example><![CDATA[<p><strong>Įvestis</strong>:</p><p>Kokios turi būti pajamos šeimos nariui? 1000</p><p>Kiek turi likti eurų paskolai mokėti? 600</p><p>Kiek šeimą sudaro asmenų? 4</p><p>Koks tėvo atlyginimas? 3000</p><p>Koks mamos atlyginimas? 2000</p><p><strong>Išvestis</strong>:</p><p>Bankas suteiks paskolą</p>]]></example>
    <skeleton><![CDATA[#include <iostream>
using namespace std;

int main()
{
    // rašykite kodą čia

    return 0;
}]]></skeleton>
    <drops><![CDATA[]]></drops>
    <language>lt</language>
    <programming_language>cpp</programming_language>
    <menu_position>top</menu_position>
    <author>Tomas Blažauskas</author>
    <score>60</score>
    <show_title>1</show_title>
    <show_description>1</show_description>
    <show_examples>1</show_examples>
    <show_icons>0</show_icons>
    <small_icons>0</small_icons>
    <use_drops>0</use_drops>
    <use_hints>0</use_hints>
    <use_ai>1</use_ai>
    <use_explanations>1</use_explanations>
    <use_corrections>0</use_corrections>
    <use_reviews>0</use_reviews>
    <hints>
        
    </hints>
    <show_tests>1</show_tests>
    <show_files>0</show_files>
    <files>
        
    </files>
    <button_new>0</button_new>
    <button_run>1</button_run>
    <button_assess>1</button_assess>
    <button_stop>0</button_stop>
    <button_clear>1</button_clear>
    <button_upload>1</button_upload>
    <button_download>1</button_download>
</task>