<?xml version="1.0" encoding="UTF-8"?>
<!-- Generated by eXe - http://exelearning.net -->
<manifest identifier="task_64530628" xmlns="http://www.imsproject.org/xsd/imscp_rootv1p1p2" xmlns:adlcp="http://www.adlnet.org/xsd/adlcp_rootv1p2" xmlns:imsmd="http://www.imsglobal.org/xsd/imsmd_v1p2" xmlns:xsi="http://www.w3.org/2001/XMLSchema-instance" xsi:schemaLocation="http://www.imsproject.org/xsd/imscp_rootv1p1p2 imscp_rootv1p1p2.xsd http://www.imsglobal.org/xsd/imsmd_rootv1p2p1 imsmd_rootv1p2p1.xsd http://www.adlnet.org/xsd/adlcp_rootv1p2 adlcp_rootv1p2.xsd" > 
<metadata> 
 <schema>ADL SCORM</schema> 
 <schemaversion>1.2</schemaversion> 
 <adlcp:location>imslrm.xml</adlcp:location> 
</metadata> 
<organizations default="cpp_mokymai_org">  
    <organization identifier="cpp_mokymai_org" structure="hierarchical">
        <title>Kurmio sklypas</title>
        <item identifier="ITEM-1" isvisible="true" identifierref="RES-1">
          <title>Kurmio sklypas</title>
          <adlcp:masteryscore>60</adlcp:masteryscore>
        </item>
  </organization>
</organizations>
<resources>
  <resource identifier="RES-1" type="webcontent" adlcp:scormtype="sco" href="index.html"> 
    <file href="index.html"/> 
    <dependency identifierref="COMMON_FILES"/>
  </resource>
  <resource identifier="COMMON_FILES" type="webcontent" adlcp:scormtype="asset">
    <file href="adlcp_rootv1p2.xsd" />
    <file href="imscp_rootv1p1p2.xsd" />
    <file href="imslrm.xml" />
    <file href="imsmanifest.xml" />
    <file href="imsmd_rootv1p2p1.xsd" />
    <file href="ims_xml.xsd" />
    <file href="task/task.xml" />
    <file href="task/tests.xml" />
    <file href="images/lena.png" />
    <file href="images/teapot.png" />
    <file href="images/test.png" />
    <file href="javascript/codemirror.js" />
    <file href="javascript/FileSaver.min.js" />
    <file href="javascript/jquery.min.js" />
    <file href="javascript/lz-string.js" />
    <file href="javascript/matchbrackets.js" />
    <file href="javascript/processing.min.js" />
    <file href="javascript/python.js" />
    <file href="javascript/pythonide.js" />
    <file href="javascript/pythoninteractive.js" />
    <file href="javascript/SCOFunctions.js" />
    <file href="javascript/SCORM_API_wrapper.js" />
    <file href="javascript/skulpt-stdlib.js" />
    <file href="javascript/skulpt.min.js" />
    <file href="pages/images/body-bg.png" />
    <file href="pages/images/highlight-bg.jpg" />
    <file href="pages/images/hr.png" />
    <file href="pages/images/octocat-icon.png" />
    <file href="pages/images/tar-gz-icon.png" />
    <file href="pages/images/zip-icon.png" />
    <file href="pages/javascripts/main.js" />
    <file href="pages/stylesheets/github-dark.css" />
    <file href="pages/stylesheets/print.css" />
    <file href="pages/stylesheets/stylesheet.css" />
    <file href="style/codemirror.css" />
    <file href="style/dracula.css" />
    <file href="style/interactive.css" />
    <file href="style/skulptide.css" />
    <file href="style/solarized.css" />
  </resource>
</resources>
</manifest>