<?xml version="1.0" encoding="utf-8"?>
<task id="task_17257840">
    <course>Pitono pamokėlės</course>
    <title>Labas</title>
    <short>Labas</short>
    <description><![CDATA[<p>Užduoties aprašymas</p>]]></description>
    <example><![CDATA[<p>Įvesties, išvesties pavyzdžiai</p>]]></example>
    <skeleton><![CDATA[#include <iostream>
using namespace std;

int main() {
    cout << "Labas, pasauli!" << endl;
    return 0;
}]]></skeleton>
    <drops><![CDATA[PHA+PHNwYW4gc3R5bGU9ImNvbG9yOnJnYig3Myw4MCw4Nyk7Ij5FaSEgTGFiYXMhPC9zcGFuPjwvcD4=]]></drops>
    <language>lt</language>
    <programming_language>cpp</programming_language>
    <menu_position>top</menu_position>
    <author>Tomas Blažauskas</author>
    <score>50</score>
    <show_title>0</show_title>
    <show_description>0</show_description>
    <show_examples>0</show_examples>
    <show_icons>1</show_icons>
    <small_icons>1</small_icons>
    <use_drops>1</use_drops>
    <use_hints>1</use_hints>
    <use_ai>1</use_ai>
    <use_explanations>1</use_explanations>
    <use_corrections>0</use_corrections>
    <use_reviews>0</use_reviews>
    <hints>
        <hint><![CDATA[Spausdinimui naudojama funkcija cout]]></hint>
<hint><![CDATA[Tada reikia padėti du ženklus mažiau (<<).]]></hint>
<hint><![CDATA[Šis kodas padarys tai, ko reikia: cout << ]]></hint>

    </hints>
    <show_tests>1</show_tests>
    <show_files>0</show_files>
    <files>
        
    </files>
    <button_new>1</button_new>
    <button_run>1</button_run>
    <button_assess>1</button_assess>
    <button_stop>1</button_stop>
    <button_clear>1</button_clear>
    <button_upload>1</button_upload>
    <button_download>1</button_download>
</task>