<?xml version="1.0" encoding="utf-8"?>
<task id="task_36307158">
    <course>Pitono pamokėlės</course>
    <title>Susikertančios tiesės</title>
    <short>Susikertančios tiesės</short>
    <description><![CDATA[<p><span style="color:rgb(0,0,0);">Parenkite programą, kuri nustatytų, kokiame sveikųjų skaičių intervalo [x1; x2] taške susikerta tiesės </span><strong>y1 = 2x + 2</strong><span style="color:rgb(0,0,0);"> ir </span><strong>y2 = 3x + 1</strong><span style="color:rgb(0,0,0);">. Spausdinant rezultatą reikia išvesti </span><strong>x</strong><span style="color:rgb(0,0,0);">, </span><strong>y1</strong><span style="color:rgb(0,0,0);"> ir </span><strong>y2</strong><span style="color:rgb(0,0,0);"> reikšmes bei susikirtimo išvadą (susikerta/nesusikerta).</span></p>]]></description>
    <example><![CDATA[<p><strong>Įvestis</strong>:</p><p>Įveskite x1: 0<br>Įveskite x2: 10</p><p><strong>Išvestis</strong>:</p><p>0 2 1 nesusikerta<br>1 4 4 susikerta<br>2 6 7 nesusikerta<br>3 8 10 nesusikerta<br>4 10 13 nesusikerta<br>5 12 16 nesusikerta<br>6 14 19 nesusikerta<br>7 16 22 nesusikerta<br>8 18 25 nesusikerta<br>9 20 28 nesusikerta<br>10 22 31 nesusikerta</p>]]></example>
    <skeleton><![CDATA[#include <iostream>
using namespace std;

int main()
{

    return 0;
}]]></skeleton>
    <drops><![CDATA[]]></drops>
    <language>lt</language>
    <programming_language>cpp</programming_language>
    <menu_position>top</menu_position>
    <author>Tomas Blažauskas</author>
    <score>60</score>
    <show_title>1</show_title>
    <show_description>1</show_description>
    <show_examples>1</show_examples>
    <show_icons>1</show_icons>
    <small_icons>0</small_icons>
    <use_drops>0</use_drops>
    <use_hints>0</use_hints>
    <use_ai>1</use_ai>
    <use_explanations>1</use_explanations>
    <use_corrections>0</use_corrections>
    <use_reviews>0</use_reviews>
    <hints>
        
    </hints>
    <show_tests>1</show_tests>
    <show_files>0</show_files>
    <files>
        
    </files>
    <button_new>1</button_new>
    <button_run>1</button_run>
    <button_assess>1</button_assess>
    <button_stop>1</button_stop>
    <button_clear>0</button_clear>
    <button_upload>1</button_upload>
    <button_download>1</button_download>
</task>