<?xml version="1.0" encoding="utf-8"?>
<task id="task_96242928">
    <course>Cpp kursas 1</course>
    <title>Skaitmenimis</title>
    <short>Skaitmenimis</short>
    <description><![CDATA[<p>Užduoties aprašymas</p>]]></description>
    <example><![CDATA[<p>Įvesties, išvesties pavyzdžiai</p>]]></example>
    <skeleton><![CDATA[// Tomos noras
#include <iostream>
using namespace std;

int main () {
    int m1, m2, m3;
    cout << "Ar parduotuvėje yra melsvos spalvos audinio? Jei taip, įveskite 1, jei ne - 0 ";
    cin >> m1;
    cout << "Ar parduotuvėje yra rusvos spalvos audinio? Jei taip, įveskite 1, jei ne - 0 ";
    cin >> m2;
    cout << "Ar parduotuvėje yra žalsvos spalvos audinio? Jei taip, įveskite 1, jei ne - 0 ";
    cin >> m3;
    if ((m1 == 1) || (m2 == 1) || (m3 == 1)) cout << "Toma audinio suknelei įsigis." << endl;
    else cout << "Toma audinio suknelei neįsigis." << endl;
    return 0;
} ]]></skeleton>
    <drops><![CDATA[]]></drops>
    <language>lt</language>
    <programming_language>cpp</programming_language>
    <menu_position>left</menu_position>
    <author>Tomas Blažauskas</author>
    <score>50</score>
    <show_title>0</show_title>
    <show_description>0</show_description>
    <show_examples>0</show_examples>
    <show_icons>1</show_icons>
    <small_icons>1</small_icons>
    <use_drops>0</use_drops>
    <use_hints>0</use_hints>
    <use_ai>0</use_ai>
    <use_explanations>0</use_explanations>
    <use_corrections>0</use_corrections>
    <use_reviews>0</use_reviews>
    <hints>
        
    </hints>
    <show_tests>0</show_tests>
    <show_files>0</show_files>
    <files>
        
    </files>
    <button_new>0</button_new>
    <button_run>1</button_run>
    <button_assess>0</button_assess>
    <button_stop>0</button_stop>
    <button_clear>0</button_clear>
    <button_upload>0</button_upload>
    <button_download>0</button_download>
</task>