<?xml version="1.0" encoding="UTF-8"?>
<lom xmlns="http://ltsc.ieee.org/xsd/LOM" xmlns:xsi="http://www.w3.org/2001/XMLSchema-instance" xsi:schemaLocation="http://ltsc.ieee.org/xsd/LOM lomCustom.xsd">
	<general uniqueElementName="general">
		<identifier>
			<catalog uniqueElementName="catalog">Pitono pamokėlės 2</catalog>
			<entry uniqueElementName="entry">4a7d755e-34a5-410a-a7d4</entry>
		</identifier>
		<title>
			<string language="en">Komandos</string>
		</title>
		<language>en</language>
		<description>
			<string language="en"><p>Grupė draugų prieš pasiskirstydami į komandas sugalvojo tokį būdą:</p><ul><li>kiekvienas iš draugų užrašo ant lapelio po tris skaičius iš sveikųjų skaičių intervalo [1; 20] ir visus lapelius sudeda į krūvą;</li><li>kiekviename lapelyje paliekami didžiausias ir mažiausias užrašyti skaičiai;</li><li>jei didžiausi, arba mažiausi skaičiai yra keli, tuomet paliekamas tik vienas iš jų. Jei visi skaičiai vienodi, tai paliekami du iš jų.</li></ul><p>Pavyzdžiui:</p><ul><li>jei lapelyje įrašyti skaičiai 1 5 1, tuomet turi likti 1 ir 5;</li><li>jei įrašyti skaičiai 5 1 5, tuomet turi likti 1 ir 5;</li><li>jei įrašyti skaičiai 5 5 5, tuomet turi likti 5 ir 5;</li><li>tie žaidėjai, kurių lapeliuose likusių skaičių suma yra lyginė, patenka į pirmą komandą, o tie, kurių lapeliuose likusių skaičių suma nelyginė – į antrą.</li></ul><p>Parašykite programą, kuri į rezultatų failą <strong>Rezultatai.txt</strong> išvestų kiekvieno draugo lapelyje likusius neišbrauktus skaičius ir į kurią komandą draugas pateks.</p><p>Vienam draugui skiriama viena eilutė.</p><p>Pradinių duomenų failo <strong>Duomenys.txt</strong> pirmoje eilutėje įrašytas draugų skaičius <strong>n</strong>. &nbsp;Tolesnėse <strong>n</strong> eilučių įrašyta po tris sveikuosius skaičius nuo 1 iki 20 – kiekvieno draugo sugalvoti skaičiai.</p><p><strong>Reikalavimai programai</strong></p><ul><li>Reikia sukurti funkciją, kuri gražintų kiekvieno draugo lapelyje likusius neišbrauktus skaičius ir į kurią komandą draugas pateks.</li></ul></string>
		</description>
		<aggregationLevel uniqueElementName="aggregationLevel">
			<source uniqueElementName="source">LOM-ESv1.0</source>
			<value uniqueElementName="value">2</value>
		</aggregationLevel>
	</general>
	<lifeCycle>
		<contribute>
			<role uniqueElementName="role">
				<source uniqueElementName="source">LOM-ESv1.0</source>
				<value uniqueElementName="value">author</value>
			</role>
			<entity>BEGIN:VCARD VERSION:3.0 FN:Tomas Blažauskas EMAIL;TYPE=INTERNET: ORG: END:VCARD</entity>
			<date>
				<dateTime uniqueElementName="dateTime">2021-01-07T16:49:22.00+02:00</dateTime>
				<description>
					<string language="lt">Metadata creation date</string>
				</description>
			</date>
		</contribute>
	</lifeCycle>
	<metaMetadata uniqueElementName="metaMetadata">
		<contribute>
			<role uniqueElementName="role">
				<source uniqueElementName="source">LOM-ESv1.0</source>
				<value uniqueElementName="value">creator</value>
			</role>
			<entity>BEGIN:VCARD VERSION:3.0 FN:Tomas Blažauskas EMAIL;TYPE=INTERNET: ORG: END:VCARD</entity>
			<date>
				<dateTime uniqueElementName="dateTime">2021-01-07T16:48:12.00+02:00</dateTime>
				<description>
					<string language="en">Metadata creation date</string>
				</description>
			</date>
		</contribute>
		<metadataSchema>LOM-ESv1.0</metadataSchema>
		<language>en</language>
	</metaMetadata>
	<technical uniqueElementName="technical">
		<otherPlatformRequirements>
			<string language="en">editor: hands</string>
		</otherPlatformRequirements>
	</technical>
	<educational>
		<intendedEndUserRole>
			<source uniqueElementName="source">LOM-ESv1.0</source>
			<value uniqueElementName="value">learner</value>
		</intendedEndUserRole>
		<context>
			<source uniqueElementName="source">LOM-ESv1.0</source>
			<value uniqueElementName="value">presencial</value>
		</context>
		<context>
			<source uniqueElementName="source">LOM-ESv1.0</source>
			<value uniqueElementName="value">classroom</value>
		</context>
		<language>en</language>
	</educational>
	<rights uniqueElementName="rights">
		<copyrightAndOtherRestrictions uniqueElementName="copyrightAndOtherRestrictions">
			<source uniqueElementName="source">LOM-ESv1.0</source>
			<value uniqueElementName="value">public domain</value>
		</copyrightAndOtherRestrictions>
		<access uniqueElementName="access">
			<accessType uniqueElementName="accessType">
				<source uniqueElementName="source">LOM-ESv1.0</source>
				<value uniqueElementName="value">universal</value>
			</accessType>
			<description>
				<string language="lt">Default</string>
			</description>
		</access>
	</rights>
</lom>