<?xml version="1.0" encoding="UTF-8"?>
<lom xmlns="http://ltsc.ieee.org/xsd/LOM" xmlns:xsi="http://www.w3.org/2001/XMLSchema-instance" xsi:schemaLocation="http://ltsc.ieee.org/xsd/LOM lomCustom.xsd">
	<general uniqueElementName="general">
		<identifier>
			<catalog uniqueElementName="catalog">Pitono pamokėlės</catalog>
			<entry uniqueElementName="entry">4a7d755e-34a5-410a-a7d4</entry>
		</identifier>
		<title>
			<string language="en">Degtukai</string>
		</title>
		<language>en</language>
		<description>
			<string language="en"><p>Yra duota krūva degtukų. Parašykite programą, kuri nustatytų, ar iš tų degtukų galima sudėti bent vieną iš šių figūrų: lygiakraštį trikampį, kvadratą ar stačiakampį. Dėliojamai figūrai turi būti panaudoti visi degtukai; be to, degtukų laužyti negalima.&nbsp;</p><p>Pavyzdžiai:</p><figure class="table"><table><tbody><tr><td><strong>Testo nr.</strong></td><td><strong>Degtukų kiekis</strong></td><td><strong>Rezultatas</strong></td><td><strong>Paaiškinimai</strong></td></tr><tr><td>1</td><td>1</td><td>Negalima</td><td>Per mažai degtukų&nbsp;</td></tr><tr><td>2</td><td>2</td><td>Negalima</td><td>Per mažai degtukų</td></tr><tr><td>3</td><td>3</td><td>Galima</td><td>Galima sudėti lygiakraštį trikampį&nbsp;</td></tr><tr><td>4</td><td>12</td><td>Galima</td><td>Galima sudėti visas figūras&nbsp;</td></tr><tr><td>5</td><td>15</td><td>Galima</td><td>Galima sudėti tik trikampį&nbsp;</td></tr><tr><td>6</td><td>16</td><td>Galima</td><td>Galima sudėti kvadratą ir stačiakampį&nbsp;</td></tr><tr><td>7</td><td>35</td><td>Negalima</td><td>Negalima sudėti nė vienos figūros</td></tr></tbody></table></figure></string>
		</description>
		<aggregationLevel uniqueElementName="aggregationLevel">
			<source uniqueElementName="source">LOM-ESv1.0</source>
			<value uniqueElementName="value">2</value>
		</aggregationLevel>
	</general>
	<lifeCycle>
		<contribute>
			<role uniqueElementName="role">
				<source uniqueElementName="source">LOM-ESv1.0</source>
				<value uniqueElementName="value">author</value>
			</role>
			<entity>BEGIN:VCARD VERSION:3.0 FN:Tomas Blažauskas EMAIL;TYPE=INTERNET: ORG: END:VCARD</entity>
			<date>
				<dateTime uniqueElementName="dateTime">2021-01-07T16:49:22.00+02:00</dateTime>
				<description>
					<string language="lt">Metadata creation date</string>
				</description>
			</date>
		</contribute>
	</lifeCycle>
	<metaMetadata uniqueElementName="metaMetadata">
		<contribute>
			<role uniqueElementName="role">
				<source uniqueElementName="source">LOM-ESv1.0</source>
				<value uniqueElementName="value">creator</value>
			</role>
			<entity>BEGIN:VCARD VERSION:3.0 FN:Tomas Blažauskas EMAIL;TYPE=INTERNET: ORG: END:VCARD</entity>
			<date>
				<dateTime uniqueElementName="dateTime">2021-01-07T16:48:12.00+02:00</dateTime>
				<description>
					<string language="en">Metadata creation date</string>
				</description>
			</date>
		</contribute>
		<metadataSchema>LOM-ESv1.0</metadataSchema>
		<language>en</language>
	</metaMetadata>
	<technical uniqueElementName="technical">
		<otherPlatformRequirements>
			<string language="en">editor: hands</string>
		</otherPlatformRequirements>
	</technical>
	<educational>
		<intendedEndUserRole>
			<source uniqueElementName="source">LOM-ESv1.0</source>
			<value uniqueElementName="value">learner</value>
		</intendedEndUserRole>
		<context>
			<source uniqueElementName="source">LOM-ESv1.0</source>
			<value uniqueElementName="value">presencial</value>
		</context>
		<context>
			<source uniqueElementName="source">LOM-ESv1.0</source>
			<value uniqueElementName="value">classroom</value>
		</context>
		<language>en</language>
	</educational>
	<rights uniqueElementName="rights">
		<copyrightAndOtherRestrictions uniqueElementName="copyrightAndOtherRestrictions">
			<source uniqueElementName="source">LOM-ESv1.0</source>
			<value uniqueElementName="value">public domain</value>
		</copyrightAndOtherRestrictions>
		<access uniqueElementName="access">
			<accessType uniqueElementName="accessType">
				<source uniqueElementName="source">LOM-ESv1.0</source>
				<value uniqueElementName="value">universal</value>
			</accessType>
			<description>
				<string language="lt">Default</string>
			</description>
		</access>
	</rights>
</lom>