<?xml version="1.0" encoding="utf-8"?>
<task id="task_25358453">
    <course>Pitono pamokėlės</course>
    <title>Klaustukas lygu</title>
    <short>Klaustukas lygu</short>
    <description><![CDATA[<p>Jums duota programa, kuri neveikia, nes vietoje konkrečių operacijų surašyti klaustukai &nbsp;bei nėra eilės kitų dalykų :)</p><p>Pakeiskite tuos klaustukus matematinėmis operacijomis taip, kad būtų atspausdintas rezultatas <strong>25</strong>.</p><p><i>Pastaba</i>: tai daugiau galvosūkis. Pasismaginkite!</p>]]></description>
    <example><![CDATA[<p><strong>Įvestis</strong>:</p><p>nėra</p><p><strong>Išvestis</strong>:</p><p>25</p>]]></example>
    <skeleton><![CDATA[#include <iostream>
using namespace std;

int main()
{
    rezultatas = 5
    rezultatas ?= 2
    rezultatas ?= 5
    rezultatas ?= rezultatas
    return 0;
}]]></skeleton>
    <drops><![CDATA[]]></drops>
    <language>lt</language>
    <programming_language>cpp</programming_language>
    <menu_position>top</menu_position>
    <author>Tomas Blažauskas</author>
    <score>60</score>
    <show_title>1</show_title>
    <show_description>1</show_description>
    <show_examples>1</show_examples>
    <show_icons>0</show_icons>
    <small_icons>0</small_icons>
    <use_drops>0</use_drops>
    <use_hints>0</use_hints>
    <use_ai>1</use_ai>
    <use_explanations>1</use_explanations>
    <use_corrections>0</use_corrections>
    <use_reviews>0</use_reviews>
    <hints>
        
    </hints>
    <show_tests>1</show_tests>
    <show_files>0</show_files>
    <files>
        
    </files>
    <button_new>1</button_new>
    <button_run>1</button_run>
    <button_assess>1</button_assess>
    <button_stop>0</button_stop>
    <button_clear>0</button_clear>
    <button_upload>0</button_upload>
    <button_download>0</button_download>
</task>