<?xml version="1.0" encoding="utf-8"?>
<task id="task_30198669">
    <course>Pitono pamokėlės 2</course>
    <title>Muziejus</title>
    <short>Muziejus</short>
    <description><![CDATA[<p>Muziejaus administracija nori ištirti lankytojų srautus per darbo dieną (nuo 10 val. iki 20 val.). Buvo registruojami kiekvieno lankytojo atėjimo ir išėjimo laikai (val., min.).</p><p>Laikoma, kad lankytojas kurį nors pusvalandį buvo muziejuje, jei muziejuje jis praleido bent 20 min. iš to pusvalandžio.</p><p>Nagrinėjami tokie pusės valandos intervalai: 10:00-10:30, 10:30-11:00, 11:00-11:30, ..., 19:30-20:00.&nbsp;</p><p>Parašykite programą randančią, kurį pusvalandį muziejuje buvo daugiausia lankytojų. Jei keli tokie laiko intervalai, raskite tą, kuris vėliausias.</p><p>Duomenų faile <strong>Duomenys.txt</strong> yra eilutės, kurių kiekviena skirta lankytojo atvykimo ir išvykimo laikams užrašyti, nurodant valandas ir minutes (keturi sveikieji skaičiai, atskirti tarpais).</p><p>Rezultatų faile <strong>Rezultatai.txt</strong> spausdinkite surasto laiko intervalo pradžią ir pabaigą bei lankytojų skaičių taip, kaip parodyta pavyzdyje.&nbsp;</p><p><strong>Reikalavimai programai</strong></p><ul><li>Naudokite sveikųjų skaičių sąrašus/masyvus.</li><li>Naudokite funkcijas programos struktūrizavimui.</li></ul>]]></description>
    <example><![CDATA[<figure class="table"><table><tbody><tr><td><strong>Duomenys.txt &nbsp; &nbsp; &nbsp; &nbsp; &nbsp; &nbsp; &nbsp; &nbsp; &nbsp; &nbsp; &nbsp; &nbsp; &nbsp; &nbsp; &nbsp;</strong></td><td><strong>&nbsp;Rezultatai.txt &nbsp; &nbsp; &nbsp; &nbsp; &nbsp; &nbsp; &nbsp;&nbsp;</strong></td></tr><tr><td>10 35 12 15<br>10 15 14 10<br>12 0 15 25<br>13 10 16 30<br>12 25 15 10<br>14 56 15 5<br>13 42 16 23<br>15 0 17 35</td><td>15:00-15:30<br>4&nbsp;</td></tr></tbody></table></figure>]]></example>
    <skeleton><![CDATA[

]]></skeleton>
    <drops><![CDATA[]]></drops>
    <language>lt</language>
    <programming_language>python</programming_language>
    <menu_position>top</menu_position>
    <author>Tomas Blažauskas</author>
    <score>80</score>
    <show_title>1</show_title>
    <show_description>1</show_description>
    <show_examples>1</show_examples>
    <show_icons>0</show_icons>
    <small_icons>0</small_icons>
    <use_drops>0</use_drops>
    <use_hints>0</use_hints>
    <use_ai>1</use_ai>
    <use_explanations>1</use_explanations>
    <use_corrections>0</use_corrections>
    <use_reviews>0</use_reviews>
    <hints>
        
    </hints>
    <show_tests>1</show_tests>
    <show_files>1</show_files>
    <files>
        <file filename="Duomenys.txt"><![CDATA[10 35 12 15
10 15 14 10
12 0 15 25
13 10 16 30
12 25 15 10
14 56 15 5
13 42 16 23
15 0 17 35]]></file>

    </files>
    <button_new>0</button_new>
    <button_run>1</button_run>
    <button_assess>1</button_assess>
    <button_stop>1</button_stop>
    <button_clear>1</button_clear>
    <button_upload>1</button_upload>
    <button_download>1</button_download>
</task>